time,_time_gateway,ACT_SNR_PMP_BO_0,ACT_SNR_PMP_BO_1,ACT_SNR_PMP_BO_2,ACT_SNR_PMP_BO_3,ACT_SNR_PMP_BO_4,SNR_NOX_PRED,SNR_STATUS_CODE,SNR_STAGE,SNR_MESSAGE,SNR_PMP_UW_S_1,BR1_EO_O2_A,ICF_CCS_FG_T_1,ICF_SCS_FG_T_1,ICF_TMS_NOX_A,ACC_SNR_AI_1A,ACT_STATUS,NOX_30m_Value,NOX_EQ_Status,NOX_Value,SNR_EQ_UW_F_1,ACT_SNR_PMP_UW_S,SNR_EQ_UW_F_1_1,SNR_EQ_DW_F_1,SNR_EQ_UW_F_2,IncineratorStatus
2025-10-17 08:23:47+00:00,2025-10-17 08:23:47,,,,,,,,,,43.8450012,8.55624962,1064.32495,933.224976,15.3249998,1.0,,17.31,0.0,15.46,35.8312492,,35.8312492,0.0,156.225006,0.0
2025-10-17 08:23:48+00:00,2025-10-17 08:23:48,,,,,,,,,,43.8337517,8.55624962,1064.25,933.224976,15.3249998,1.0,,17.31,0.0,15.46,35.8781242,,35.8781242,0.0,156.225006,0.0
2025-10-17 08:23:49+00:00,2025-10-17 08:23:49,,,,,,,,,,43.8375015,8.61406231,1064.09998,933.075012,15.3500004,1.0,,17.31,0.0,15.46,36.0656242,,36.0656242,0.0,156.149994,0.0
2025-10-17 08:23:50+00:00,2025-10-17 08:23:50,43.0,43.0,43.0,43.0,43.0,13.353280101192853,100.0,BO_ONLY,"BO 모델 결과만 사용 (1단계 롤백, 2~4단계에서 Hz 변화 없음)",43.8637505,8.67031288,1063.875,933.0,15.4875002,1.0,,17.31,0.0,15.46,36.2437515,,36.2437515,0.0,156.225006,0.0
2025-10-17 08:23:51+00:00,2025-10-17 08:23:51,,,,,,,,,,43.8487511,8.67031288,1063.72498,932.924988,15.4875002,1.0,,17.31,0.0,15.46,36.2437515,,36.2437515,0.0,156.225006,0.0
2025-10-17 08:23:52+00:00,2025-10-17 08:23:52,,,,,,,,,,43.8375015,8.7265625,1063.57495,932.849976,15.4875002,1.0,,17.31,0.0,15.46,36.2437515,,36.2437515,0.0,156.225006,0.0
2025-10-17 08:23:53+00:00,2025-10-17 08:23:53,,,,,,,,,,43.8450012,8.7265625,1063.34998,932.775024,15.4875002,1.0,,17.31,0.0,15.46,36.4312515,,36.4312515,0.0,156.149994,0.0
2025-10-17 08:23:54+00:00,2025-10-17 08:23:54,,,,,,,,,,43.8562508,8.78125,1063.19995,932.700012,15.4875002,1.0,,17.31,0.0,15.46,36.4312515,,36.4312515,0.0,156.225006,0.0
2025-10-17 08:23:55+00:00,2025-10-17 08:23:55,43.0,43.0,43.0,43.0,43.0,14.52645449682767,100.0,BO_ONLY,"BO 모델 결과만 사용 (1단계 롤백, 2~4단계에서 Hz 변화 없음)",43.8487511,8.83125019,1062.90002,932.625,15.6499996,1.0,,17.31,0.0,15.46,36.4312515,38.70680375729881,36.4312515,0.0,156.225006,0.0
2025-10-17 08:23:56+00:00,2025-10-17 08:23:56,,,,,,,,,,43.8862495,8.83125019,1062.75,932.549988,15.6499996,1.0,,17.31,0.0,15.46,36.4312515,,36.4312515,0.0,156.225006,0.0
2025-10-17 08:23:57+00:00,2025-10-17 08:23:57,,,,,,,,,,43.8525009,8.87187481,1062.52502,932.400024,15.6499996,1.0,,17.31,0.0,15.52,36.4312515,,36.4312515,0.0,156.149994,0.0
2025-10-17 08:23:58+00:00,2025-10-17 08:23:58,,,,,,,,,,43.8375015,8.8984375,1062.30005,932.325012,15.6499996,1.0,,17.31,0.0,15.52,36.4312515,,36.4312515,0.0,156.225006,0.0
2025-10-17 08:23:59+00:00,2025-10-17 08:23:59,,,,,,,,,,43.8899994,8.8984375,1062.07495,932.325012,15.6875,1.0,,17.31,0.0,15.52,36.5718765,,36.5718765,0.0,156.225006,0.0
2025-10-17 08:24:00+00:00,2025-10-17 08:24:00,43.0,43.0,43.0,43.0,43.0,15.877876056102297,100.0,BO_ONLY,"BO 모델 결과만 사용 (1단계 롤백, 2~4단계에서 Hz 변화 없음)",43.8337517,8.921875,1061.92505,932.174988,15.8249998,1.0,,17.31,0.0,15.52,36.6187515,,36.6187515,0.0,156.225006,0.0
2025-10-17 08:24:01+00:00,2025-10-17 08:24:01,,,,,,,,,,43.8375015,8.921875,1061.625,932.174988,15.8249998,1.0,,17.31,0.0,15.52,36.6187515,,36.6187515,0.0,156.225006,0.0
2025-10-17 08:24:02+00:00,2025-10-17 08:24:02,,,,,,,,,,43.8412514,8.94375038,1061.40002,931.950012,15.8249998,1.0,,17.31,0.0,15.52,36.6187515,,36.6187515,0.0,156.300003,0.0
2025-10-17 08:24:03+00:00,2025-10-17 08:24:03,,,,,,,,,,43.8487511,8.97187519,1061.17505,931.875,15.8249998,1.0,,17.31,0.0,15.52,36.6187515,,36.6187515,0.0,156.225006,0.0
2025-10-17 08:24:04+00:00,2025-10-17 08:24:04,,,,,,,,,,43.8412514,8.97187519,1060.94995,931.799988,15.8249998,1.0,,17.31,0.0,15.52,36.6187515,,36.6187515,0.0,156.225006,0.0
2025-10-17 08:24:05+00:00,2025-10-17 08:24:05,43.0,43.0,43.0,43.0,43.0,16.142092238073623,100.0,BO_ONLY,"BO 모델 결과만 사용 (1단계 롤백, 2~4단계에서 Hz 변화 없음)",43.8450012,9.0078125,1060.72498,931.724976,15.8999996,1.0,,17.31,0.0,15.52,36.6187515,,36.6187515,0.0,156.225006,0.0
2025-10-17 08:24:06+00:00,2025-10-17 08:24:06,,,,,,,,,,43.8487511,9.04531288,1060.57495,931.650024,15.8999996,1.0,,17.31,0.0,15.52,36.6187515,,36.6187515,0.0,156.225006,0.0
2025-10-17 08:24:07+00:00,2025-10-17 08:24:07,,,,,,,,,,43.8450012,9.04531288,1060.27502,931.575012,15.8999996,1.0,,17.31,0.0,15.81,36.6187515,,36.6187515,0.0,156.225006,0.0
2025-10-17 08:24:08+00:00,2025-10-17 08:24:08,,,,,,,,,,43.8450012,9.07656288,1059.90002,931.424988,15.9125004,1.0,,17.31,0.0,15.81,36.6187515,,36.6187515,0.0,156.225006,0.0
2025-10-17 08:24:09+00:00,2025-10-17 08:24:09,,,,,,,,,,43.8675003,9.07656288,1059.75,931.349976,15.8625002,1.0,,17.31,0.0,15.81,36.6187515,,36.6187515,0.0,156.149994,0.0
2025-10-17 08:24:10+00:00,2025-10-17 08:24:10,42.0,43.0,42.0,42.0,42.0,16.0802624021943,207.0,BO_O2,"O2 규칙 적용: 9.0% (9.0% < O2 ≤ 10.0%) (2단계 롤백, 3~4단계에서 Hz 변화 없음)",43.8899994,9.109375,1059.375,931.200012,15.7375002,1.0,,17.31,0.0,15.81,36.6187515,,36.6187515,0.0,156.149994,0.0
2025-10-17 08:24:11+00:00,2025-10-17 08:24:11,,,,,,,,,,43.3762512,9.14687538,1059.15002,931.125,15.7375002,1.0,,17.31,0.0,15.81,36.6187515,,36.6187515,0.0,156.225006,0.0
2025-10-17 08:24:12+00:00,2025-10-17 08:24:12,,,,,,,,,,42.8474998,9.14687538,1058.77502,931.049988,15.7375002,1.0,,17.31,0.0,15.81,36.6187515,38.70680375729881,36.6187515,0.0,157.649994,0.0
2025-10-17 08:24:13+00:00,2025-10-17 08:24:13,,,,,,,,,,42.8325005,9.19687462,1058.55005,930.974976,15.7375002,1.0,,17.31,0.0,15.81,36.5999985,,36.5999985,0.0,157.649994,0.0
2025-10-17 08:24:14+00:00,2025-10-17 08:24:14,,,,,,,,,,42.8400002,9.24531269,1058.25,930.825012,15.7375002,1.0,,17.31,0.0,15.81,36.2249985,,36.2249985,0.0,157.649994,0.0
2025-10-17 08:24:15+00:00,2025-10-17 08:24:15,42.0,42.0,42.0,42.0,42.0,15.629507540714462,100.0,BO_ONLY,"BO 모델 결과만 사용 (1단계 롤백, 2~4단계에서 Hz 변화 없음)",42.8400002,9.24531269,1057.94995,930.75,15.8249998,1.0,,17.31,0.0,15.81,35.8875008,,35.8875008,0.0,157.725006,0.0
2025-10-17 08:24:16+00:00,2025-10-17 08:24:16,,,,,,,,,,42.8287506,9.296875,1057.57495,930.599976,15.8249998,1.0,,17.31,0.0,15.81,35.6437492,,35.6437492,0.0,157.649994,0.0
2025-10-17 08:24:17+00:00,2025-10-17 08:24:17,,,,,,,,,,42.8400002,9.296875,1057.42505,930.525024,15.8249998,1.0,,17.31,0.0,15.74,35.1375008,,35.1375008,0.0,157.649994,0.0
2025-10-17 08:24:18+00:00,2025-10-17 08:24:18,,,,,,,,,,42.8287506,9.34531212,1057.125,930.450012,15.8249998,1.0,,17.31,0.0,15.74,35.109375,,35.109375,0.0,157.649994,0.0
2025-10-17 08:24:19+00:00,2025-10-17 08:24:19,,,,,,,,,,42.8287506,9.390625,1056.90002,930.299988,15.8500004,1.0,,17.31,0.0,15.74,34.9312515,,34.9312515,0.0,157.725006,0.0
2025-10-17 08:24:20+00:00,2025-10-17 08:24:20,40.0,40.0,40.0,40.0,40.0,14.737593565750597,100.0,BO_ONLY,"BO 모델 결과만 사용 (1단계 롤백, 2~4단계에서 Hz 변화 없음)",42.84375,9.390625,1056.75,930.150024,15.9125004,1.0,,17.31,0.0,15.74,34.78125,,34.78125,0.0,157.649994,0.0
2025-10-17 08:24:21+00:00,2025-10-17 08:24:21,,,,,,,,,,42.8400002,9.44062519,1056.52502,930.075012,15.9125004,1.0,,17.31,0.0,15.74,34.7437515,,34.7437515,0.0,157.649994,0.0
2025-10-17 08:24:22+00:00,2025-10-17 08:24:22,,,,,,,,,,41.0924988,9.50156212,1056.44995,930.0,15.9125004,1.0,,17.31,0.0,15.74,34.7437515,,34.7437515,0.0,157.649994,0.0
2025-10-17 08:24:23+00:00,2025-10-17 08:24:23,,,,,,,,,,39.7012482,9.50156212,1056.22498,929.849976,15.8999996,1.0,,17.31,0.0,15.74,34.7249985,,34.7249985,0.0,157.649994,0.0
2025-10-17 08:24:24+00:00,2025-10-17 08:24:24,,,,,,,,,,39.7012482,9.5625,1056.07495,929.775024,15.9125004,1.0,,17.31,0.0,15.74,34.3875008,,34.3875008,0.0,157.649994,0.0
2025-10-17 08:24:25+00:00,2025-10-17 08:24:25,39.0,39.0,39.0,39.0,39.0,14.382488223416292,100.0,BO_ONLY,"BO 모델 결과만 사용 (1단계 롤백, 2~4단계에서 Hz 변화 없음)",39.6937485,9.609375,1055.92505,929.625,15.9125004,1.0,,17.31,0.0,15.74,33.9093742,,33.9093742,0.0,157.574997,0.0
2025-10-17 08:24:26+00:00,2025-10-17 08:24:26,,,,,,,,,,39.7012482,9.609375,1055.69995,929.474976,15.9125004,1.0,,17.31,0.0,15.74,33.0656242,,33.0656242,0.0,157.649994,0.0
2025-10-17 08:24:27+00:00,2025-10-17 08:24:27,,,,,,,,,,39.6937485,9.64218712,1055.55005,929.325012,15.8999996,1.0,,17.31,0.0,15.93,32.15625,,32.15625,0.0,157.649994,0.0
2025-10-17 08:24:28+00:00,2025-10-17 08:24:28,,,,,,,,,,39.6937485,9.64218712,1055.32495,929.25,15.8999996,1.0,,17.31,0.0,15.93,31.0874996,,31.0874996,0.0,159.225006,0.0
2025-10-17 08:24:29+00:00,2025-10-17 08:24:29,,,,,,,,,,39.6862488,9.65781212,1055.25,929.174988,15.8999996,1.0,,17.31,0.0,15.93,30.3562508,,30.3562508,0.0,159.149994,0.0
2025-10-17 08:24:30+00:00,2025-10-17 08:24:30,39.0,39.0,39.0,39.0,39.0,14.707922975023907,100.0,BO_ONLY,"BO 모델 결과만 사용 (1단계 롤백, 2~4단계에서 Hz 변화 없음)",39.6937485,9.66093731,1055.02502,929.025024,15.8999996,1.0,,17.31,0.0,15.93,29.8968754,,29.8968754,0.0,159.149994,0.0
2025-10-17 08:24:31+00:00,2025-10-17 08:24:31,,,,,,,,,,39.6937485,9.66093731,1054.875,928.875,15.9125004,1.0,,17.31,0.0,15.93,29.6812496,,29.6812496,0.0,159.149994,0.0
2025-10-17 08:24:32+00:00,2025-10-17 08:24:32,,,,,,,,,,39.6899986,9.65312481,1054.65002,928.799988,15.8999996,1.0,,17.31,0.0,15.93,29.4562492,,29.4562492,0.0,159.225006,0.0
2025-10-17 08:24:33+00:00,2025-10-17 08:24:33,,,,,,,,,,39.6937485,9.63749981,1054.5,928.724976,15.8999996,1.0,,17.31,0.0,15.93,29.34375,,29.34375,0.0,159.149994,0.0
2025-10-17 08:24:34+00:00,2025-10-17 08:24:34,,,,,,,,,,39.6937485,9.63749981,1054.34998,928.5,15.9750004,1.0,,17.31,0.0,15.93,29.2312508,,29.2312508,0.0,159.149994,0.0
2025-10-17 08:24:35+00:00,2025-10-17 08:24:35,39.0,39.0,39.0,39.0,39.0,14.80737332890063,100.0,BO_ONLY,"BO 모델 결과만 사용 (1단계 롤백, 2~4단계에서 Hz 변화 없음)",39.6937485,9.625,1054.19995,928.424988,15.9875002,1.0,,17.31,0.0,15.93,29.15625,,29.15625,0.0,159.225006,0.0
2025-10-17 08:24:36+00:00,2025-10-17 08:24:36,,,,,,,,,,39.7012482,9.625,1053.97498,928.275024,15.9875002,1.0,,17.31,0.0,15.93,29.15625,,29.15625,0.0,159.225006,0.0
2025-10-17 08:24:37+00:00,2025-10-17 08:24:37,,,,,,,,,,39.6899986,9.62187481,1053.90002,928.125,15.9875002,1.0,,17.31,0.0,15.94,29.1656246,,29.1656246,0.0,159.149994,0.0
2025-10-17 08:24:38+00:00,2025-10-17 08:24:38,,,,,,,,,,39.6862488,9.63437462,1053.67505,927.974976,15.9875002,1.0,,17.31,0.0,15.94,29.1656246,,29.1656246,0.0,159.149994,0.0
2025-10-17 08:24:39+00:00,2025-10-17 08:24:39,,,,,,,,,,39.6862488,9.63437462,1053.59998,927.900024,15.9375,1.0,,17.31,0.0,15.94,29.15625,,29.15625,0.0,159.149994,0.0
2025-10-17 08:24:40+00:00,2025-10-17 08:24:40,39.0,39.0,39.0,39.0,39.0,14.900589005601336,100.0,BO_ONLY,"BO 모델 결과만 사용 (1단계 롤백, 2~4단계에서 Hz 변화 없음)",39.6862488,9.65312481,1053.375,927.75,15.8125,1.0,,17.31,0.0,15.94,29.15625,,29.15625,0.0,159.149994,0.0
2025-10-17 08:24:41+00:00,2025-10-17 08:24:41,,,,,,,,,,39.6974983,9.671875,1053.22498,927.674988,15.8249998,1.0,,17.31,0.0,15.94,29.1656246,38.0,29.1656246,0.0,159.149994,0.0
2025-10-17 08:24:42+00:00,2025-10-17 08:24:42,,,,,,,,,,39.6974983,9.671875,1053.0,927.525024,15.8249998,1.0,,17.31,0.0,15.94,29.1656246,,29.1656246,0.0,159.074997,0.0
2025-10-17 08:24:43+00:00,2025-10-17 08:24:43,,,,,,,,,,39.6824989,9.6875,1052.77502,927.375,15.8249998,1.0,,17.31,0.0,15.94,29.15625,,29.15625,0.0,159.225006,0.0
2025-10-17 08:24:44+00:00,2025-10-17 08:24:44,,,,,,,,,,39.6824989,9.6875,1052.47498,927.224976,15.8249998,1.0,,17.31,0.0,15.94,29.15625,,29.15625,0.0,159.149994,0.0
2025-10-17 08:24:45+00:00,2025-10-17 08:24:45,39.0,39.0,39.0,39.0,39.0,13.920104331108936,100.0,BO_ONLY,"BO 모델 결과만 사용 (1단계 롤백, 2~4단계에서 Hz 변화 없음)",39.6937485,9.70156288,1052.32495,927.075012,15.8249998,1.0,,17.31,0.0,15.94,29.1656246,,29.1656246,0.0,159.149994,0.0
2025-10-17 08:24:46+00:00,2025-10-17 08:24:46,,,,,,,,,,39.6899986,9.72031212,1052.02502,926.924988,15.8125,1.0,,17.31,0.0,15.94,29.1656246,,29.1656246,0.0,159.149994,0.0
2025-10-17 08:24:47+00:00,2025-10-17 08:24:47,,,,,,,,,,39.6899986,9.72031212,1051.875,926.775024,15.8249998,1.0,,17.31,0.0,15.84,29.1656246,,29.1656246,0.0,159.149994,0.0
2025-10-17 08:24:48+00:00,2025-10-17 08:24:48,,,,,,,,,,39.6937485,9.74843788,1051.57495,926.625,15.8249998,1.0,,17.31,0.0,15.84,29.15625,,29.15625,0.0,159.225006,0.0
2025-10-17 08:24:49+00:00,2025-10-17 08:24:49,,,,,,,,,,39.6974983,9.78125,1051.42505,926.474976,15.8625002,1.0,,17.31,0.0,15.84,29.15625,,29.15625,0.0,159.225006,0.0
2025-10-17 08:24:50+00:00,2025-10-17 08:24:50,39.0,39.0,39.0,39.0,39.0,14.016216402036928,100.0,BO_ONLY,"BO 모델 결과만 사용 (1단계 롤백, 2~4단계에서 Hz 변화 없음)",39.6899986,9.78125,1051.125,926.325012,15.9875002,1.0,,17.31,0.0,15.84,29.1656246,,29.1656246,0.0,159.225006,0.0
2025-10-17 08:24:51+00:00,2025-10-17 08:24:51,,,,,,,,,,39.6899986,9.81562519,1050.90002,926.25,15.9875002,1.0,,17.31,0.0,15.84,29.1656246,,29.1656246,0.0,159.225006,0.0
2025-10-17 08:24:52+00:00,2025-10-17 08:24:52,,,,,,,,,,39.6937485,9.81562519,1050.59998,926.025024,15.9875002,1.0,,17.31,0.0,16.03,29.15625,,29.15625,0.0,159.149994,0.0
2025-10-17 08:24:53+00:00,2025-10-17 08:24:53,,,,,,,,,,39.6899986,9.8515625,1050.375,925.875,15.9875002,1.0,,17.31,0.0,16.03,29.1656246,,29.1656246,0.0,159.149994,0.0
2025-10-17 08:24:54+00:00,2025-10-17 08:24:54,,,,,,,,,,39.6937485,9.890625,1050.0,925.724976,16.1875,1.0,,17.31,0.0,16.03,29.1656246,,29.1656246,0.0,159.149994,0.0
2025-10-17 08:24:55+00:00,2025-10-17 08:24:55,39.0,38.0,39.0,39.0,39.0,14.79338525691262,207.0,BO_O2,"O2 규칙 적용: 9.8% (9.0% < O2 ≤ 10.0%) (2단계 롤백, 3~4단계에서 Hz 변화 없음)",39.6899986,9.890625,1049.84998,925.575012,16.25,1.0,,17.31,0.0,16.03,29.1656246,,29.1656246,0.0,159.225006,0.0
2025-10-17 08:24:56+00:00,2025-10-17 08:24:56,,,,,,,,,,39.6862488,9.93281269,1049.47498,925.424988,16.25,1.0,,17.31,0.0,16.03,29.15625,,29.15625,0.0,159.225006,0.0
2025-10-17 08:24:57+00:00,2025-10-17 08:24:57,,,,,,,,,,39.6862488,9.98750019,1049.32495,925.200012,16.25,1.0,,17.31,0.0,16.03,29.1656246,38.70680375729881,29.1656246,0.0,159.149994,0.0
2025-10-17 08:24:58+00:00,2025-10-17 08:24:58,,,,,,,,,,39.6899986,9.98750019,1048.94995,924.974976,16.25,1.0,,17.31,0.0,16.03,29.1656246,,29.1656246,0.0,159.149994,0.0
2025-10-17 08:24:59+00:00,2025-10-17 08:24:59,,,,,,,,,,39.6862488,10.0531254,1048.80005,924.900024,16.2625008,1.0,,17.31,0.0,16.03,29.15625,,29.15625,0.0,159.149994,0.0
2025-10-17 08:25:00+00:00,2025-10-17 08:25:00,39.0,38.0,39.0,39.0,39.0,15.145319738039431,207.0,BO_O2,"O2 규칙 적용: 10.0% (9.0% < O2 ≤ 10.0%) (2단계 롤백, 3~4단계에서 Hz 변화 없음)",39.6899986,10.0531254,1048.5,924.674988,16.3374996,1.0,,17.31,0.0,16.03,29.15625,,29.15625,0.0,159.149994,0.0
2025-10-17 08:25:01+00:00,2025-10-17 08:25:01,,,,,,,,,,39.6899986,10.1125002,1048.27502,924.599976,16.3374996,1.0,,17.31,0.0,16.03,29.1656246,,29.1656246,0.0,159.149994,0.0
2025-10-17 08:25:02+00:00,2025-10-17 08:25:02,,,,,,,,,,39.6974983,10.1609373,1047.97498,924.375,16.3250008,1.0,,17.31,0.0,16.36,29.1656246,,29.1656246,0.0,159.149994,0.0
2025-10-17 08:25:03+00:00,2025-10-17 08:25:03,,,,,,,,,,39.6862488,10.1609373,1047.75,924.224976,16.3250008,1.0,,17.31,0.0,16.36,29.1656246,,29.1656246,0.0,159.225006,0.0
2025-10-17 08:25:04+00:00,2025-10-17 08:25:04,,,,,,,,,,39.6899986,10.203125,1047.44995,924.075012,16.4624996,1.0,,17.31,0.0,16.36,29.15625,,29.15625,0.0,159.449997,0.0
2025-10-17 08:25:05+00:00,2025-10-17 08:25:05,39.0,39.0,39.0,39.0,39.0,15.360291385268496,100.0,BO_ONLY,"BO 모델 결과만 사용 (1단계 롤백, 2~4단계에서 Hz 변화 없음)",39.6974983,10.2437496,1047.22498,923.924988,16.5,1.0,,17.31,0.0,16.36,29.1656246,,29.1656246,0.0,160.649994,0.0
2025-10-17 08:25:06+00:00,2025-10-17 08:25:06,,,,,,,,,,39.6824989,10.2437496,1046.84998,923.775024,16.5,1.0,,17.31,0.0,16.36,29.15625,,29.15625,0.0,160.649994,0.0
2025-10-17 08:25:07+00:00,2025-10-17 08:25:07,,,,,,,,,,38.7862511,10.2781248,1046.625,923.549988,16.5,1.0,,17.31,0.0,16.36,29.1656246,,29.1656246,0.0,160.649994,0.0
2025-10-17 08:25:08+00:00,2025-10-17 08:25:08,,,,,,,,,,38.5950012,10.2781248,1046.25,923.400024,16.5,1.0,,17.31,0.0,16.36,29.15625,,29.15625,0.0,160.649994,0.0
2025-10-17 08:25:09+00:00,2025-10-17 08:25:09,,,,,,,,,,38.5875015,10.3046875,1046.02502,923.25,16.5,1.0,,17.31,0.0,16.36,29.15625,,29.15625,0.0,160.649994,0.0
2025-10-17 08:25:10+00:00,2025-10-17 08:25:10,39.0,39.0,39.0,39.0,39.0,15.508809717041904,100.0,BO_ONLY,"BO 모델 결과만 사용 (1단계 롤백, 2~4단계에서 Hz 변화 없음)",38.5912514,10.3171873,1045.72498,923.099976,16.5,1.0,,17.31,0.0,16.36,29.1656246,,29.1656246,0.0,160.649994,0.0
2025-10-17 08:25:11+00:00,2025-10-17 08:25:11,,,,,,,,,,38.6512489,10.3171873,1045.5,922.875,16.5,1.0,,17.31,0.0,16.36,28.8374996,38.0,28.8374996,0.0,160.649994,0.0
2025-10-17 08:25:12+00:00,2025-10-17 08:25:12,,,,,,,,,,38.6137505,10.3203125,1045.125,922.724976,16.5,1.0,,17.31,0.0,16.36,28.3875008,,28.3875008,0.0,162.149994,0.0
2025-10-17 08:25:13+00:00,2025-10-17 08:25:13,,,,,,,,,,38.6062508,10.3265629,1044.90002,922.575012,16.5,1.0,,17.31,0.0,16.36,27.9750004,,27.9750004,0.0,162.149994,0.0
2025-10-17 08:25:14+00:00,2025-10-17 08:25:14,,,,,,,,,,38.5950012,10.3265629,1044.52502,922.349976,16.5625,1.0,,17.31,0.0,16.36,27.65625,,27.65625,0.0,162.074997,0.0
2025-10-17 08:25:15+00:00,2025-10-17 08:25:15,39.0,39.0,39.0,39.0,39.0,15.41445438445781,100.0,BO_ONLY,"BO 모델 결과만 사용 (1단계 롤백, 2~4단계에서 Hz 변화 없음)",38.5950012,10.3421879,1044.30005,922.200012,16.5874996,1.0,,17.31,0.0,16.36,27.65625,,27.65625,0.0,162.074997,0.0
2025-10-17 08:25:16+00:00,2025-10-17 08:25:16,,,,,,,,,,38.5987511,10.3421879,1043.92505,921.974976,16.5874996,1.0,,17.31,0.0,16.36,27.6468754,,27.6468754,0.0,162.074997,0.0
2025-10-17 08:25:17+00:00,2025-10-17 08:25:17,,,,,,,,,,39.6787491,10.3609371,1043.625,921.825012,16.5874996,1.0,,17.31,0.0,16.49,27.6468754,,27.6468754,0.0,162.074997,0.0
2025-10-17 08:25:18+00:00,2025-10-17 08:25:18,,,,,,,,,,39.6974983,10.3828125,1043.17505,921.674988,16.5874996,1.0,,17.31,0.0,16.49,27.65625,,27.65625,0.0,162.074997,0.0
2025-10-17 08:25:19+00:00,2025-10-17 08:25:19,,,,,,,,,,39.6937485,10.3828125,1042.875,921.525024,16.5874996,1.0,,17.31,0.0,16.49,27.65625,,27.65625,0.0,162.149994,0.0
2025-10-17 08:25:20+00:00,2025-10-17 08:25:20,39.0,39.0,39.0,39.0,39.0,14.909608312419271,100.0,BO_ONLY,"BO 모델 결과만 사용 (1단계 롤백, 2~4단계에서 Hz 변화 없음)",39.6899986,10.4109373,1042.34998,921.299988,16.5874996,1.0,,17.31,0.0,16.49,27.7312508,,27.7312508,0.0,162.149994,0.0
2025-10-17 08:25:21+00:00,2025-10-17 08:25:21,,,,,,,,,,39.6899986,10.4406252,1041.97498,921.150024,16.5874996,1.0,,17.31,0.0,16.49,28.1625004,,28.1625004,0.0,162.149994,0.0
2025-10-17 08:25:22+00:00,2025-10-17 08:25:22,,,,,,,,,,39.6899986,10.4406252,1041.44995,920.924988,16.5874996,1.0,,17.31,0.0,16.58,28.3875008,,28.3875008,0.0,162.074997,0.0
2025-10-17 08:25:23+00:00,2025-10-17 08:25:23,,,,,,,,,,39.6899986,10.4734373,1041.07495,920.775024,16.5874996,1.0,,17.31,0.0,16.58,28.7531242,,28.7531242,0.0,162.074997,0.0
2025-10-17 08:25:24+00:00,2025-10-17 08:25:24,,,,,,,,,,39.6899986,10.4734373,1040.55005,920.549988,16.5249996,1.0,,17.31,0.0,16.58,29.1375008,,29.1375008,0.0,162.149994,0.0
2025-10-17 08:25:25+00:00,2025-10-17 08:25:25,39.0,39.0,39.0,39.0,39.0,15.063369091669205,100.0,BO_ONLY,"BO 모델 결과만 사용 (1단계 롤백, 2~4단계에서 Hz 변화 없음)",39.6824989,10.5093746,1040.25,920.400024,16.5,1.0,,17.31,0.0,16.58,29.15625,,29.15625,0.0,162.149994,0.0
2025-10-17 08:25:26+00:00,2025-10-17 08:25:26,,,,,,,,,,39.6862488,10.5484371,1039.72498,920.099976,16.5,1.0,,17.31,0.0,16.58,29.1656246,,29.1656246,0.0,162.074997,0.0
2025-10-17 08:25:27+00:00,2025-10-17 08:25:27,,,,,,,,,,39.6899986,10.5484371,1039.42505,920.025024,16.5,1.0,,17.31,0.0,16.58,29.1656246,38.0,29.1656246,0.0,162.074997,0.0
2025-10-17 08:25:28+00:00,2025-10-17 08:25:28,,,,,,,,,,39.6899986,10.5890627,1038.97498,919.799988,16.5,1.0,,17.31,0.0,16.58,29.1656246,,29.1656246,0.0,162.149994,0.0
2025-10-17 08:25:29+00:00,2025-10-17 08:25:29,,,,,,,,,,39.6862488,10.6312504,1038.59998,919.650024,16.5,1.0,,17.31,0.0,16.58,29.15625,,29.15625,0.0,162.149994,0.0
2025-10-17 08:25:30+00:00,2025-10-17 08:25:30,39.0,39.0,39.0,39.0,39.0,14.656555216152109,100.0,BO_ONLY,"BO 모델 결과만 사용 (1단계 롤백, 2~4단계에서 Hz 변화 없음)",39.6862488,10.6312504,1038.15002,919.424988,16.5,1.0,,17.31,0.0,16.58,29.1656246,,29.1656246,0.0,162.074997,0.0
2025-10-17 08:25:31+00:00,2025-10-17 08:25:31,,,,,,,,,,39.6862488,10.6750002,1037.77502,919.275024,16.5,1.0,,17.31,0.0,16.58,29.1656246,,29.1656246,0.0,162.074997,0.0
2025-10-17 08:25:32+00:00,2025-10-17 08:25:32,,,,,,,,,,39.6899986,10.6750002,1037.32495,918.974976,16.5,1.0,,17.31,0.0,16.49,29.1656246,,29.1656246,0.0,162.074997,0.0
2025-10-17 08:25:33+00:00,2025-10-17 08:25:33,,,,,,,,,,39.6862488,10.71875,1037.02502,918.825012,16.5,1.0,,17.31,0.0,16.49,29.15625,,29.15625,0.0,162.074997,0.0
2025-10-17 08:25:34+00:00,2025-10-17 08:25:34,,,,,,,,,,39.6937485,10.7562504,1036.5,918.599976,16.5,1.0,,17.31,0.0,16.49,29.1656246,,29.1656246,0.0,162.074997,0.0
2025-10-17 08:25:35+00:00,2025-10-17 08:25:35,39.0,39.0,39.0,39.0,39.0,14.135384132408628,100.0,BO_ONLY,"BO 모델 결과만 사용 (1단계 롤백, 2~4단계에서 Hz 변화 없음)",39.6899986,10.7562504,1036.05005,918.375,16.5,1.0,,17.31,0.0,16.49,29.1656246,,29.1656246,0.0,160.725006,0.0
2025-10-17 08:25:36+00:00,2025-10-17 08:25:36,,,,,,,,,,39.6937485,10.7859373,1035.75,918.224976,16.5,1.0,,17.31,0.0,16.49,29.1656246,,29.1656246,0.0,160.649994,0.0
2025-10-17 08:25:37+00:00,2025-10-17 08:25:37,,,,,,,,,,39.6899986,10.8078127,1035.44995,918.075012,16.5,1.0,,17.31,0.0,16.49,29.15625,,29.15625,0.0,160.649994,0.0
2025-10-17 08:25:38+00:00,2025-10-17 08:25:38,,,,,,,,,,39.6899986,10.8078127,1035.0,917.849976,16.5,1.0,,17.31,0.0,16.49,29.1656246,,29.1656246,0.0,160.649994,0.0
2025-10-17 08:25:39+00:00,2025-10-17 08:25:39,,,,,,,,,,39.6899986,10.8296871,1034.69995,917.700012,16.5375004,1.0,,17.31,0.0,16.49,29.1656246,,29.1656246,0.0,160.649994,0.0
2025-10-17 08:25:40+00:00,2025-10-17 08:25:40,39.0,39.0,39.0,39.0,39.0,14.13988837127686,100.0,BO_ONLY,"BO 모델 결과만 사용 (1단계 롤백, 2~4단계에서 Hz 변화 없음)",39.6899986,10.8296871,1034.25,917.400024,16.6625004,1.0,,17.31,0.0,16.49,29.1656246,,29.1656246,0.0,160.649994,0.0
2025-10-17 08:25:41+00:00,2025-10-17 08:25:41,,,,,,,,,,39.6974983,10.8546877,1033.94995,917.25,16.6749992,1.0,,17.31,0.0,16.49,29.15625,38.0,29.15625,0.0,160.649994,0.0
2025-10-17 08:25:42+00:00,2025-10-17 08:25:42,,,,,,,,,,39.6974983,10.8828125,1033.5,917.025024,16.6749992,1.0,,17.31,0.0,16.69,29.1656246,,29.1656246,0.0,160.574997,0.0
2025-10-17 08:25:43+00:00,2025-10-17 08:25:43,,,,,,,,,,39.7012482,10.8828125,1033.19995,916.875,16.6749992,1.0,,17.31,0.0,16.69,29.1656246,,29.1656246,0.0,160.649994,0.0
2025-10-17 08:25:44+00:00,2025-10-17 08:25:44,,,,,,,,,,39.6749992,10.9125004,1032.75,916.650024,16.7374992,1.0,,17.31,0.0,16.69,29.1656246,,29.1656246,0.0,160.649994,0.0
2025-10-17 08:25:45+00:00,2025-10-17 08:25:45,39.0,39.0,39.0,39.0,39.0,15.231665904034728,100.0,BO_ONLY,"BO 모델 결과만 사용 (1단계 롤백, 2~4단계에서 Hz 변화 없음)",39.6862488,10.9390621,1032.44995,916.5,16.75,1.0,,17.31,0.0,16.69,29.15625,,29.15625,0.0,160.649994,0.0
2025-10-17 08:25:46+00:00,2025-10-17 08:25:46,,,,,,,,,,39.6862488,10.9390621,1032.07495,916.275024,16.75,1.0,,17.31,0.0,16.69,29.1656246,,29.1656246,0.0,160.649994,0.0
2025-10-17 08:25:47+00:00,2025-10-17 08:25:47,,,,,,,,,,39.6862488,10.9671879,1031.77502,916.049988,16.75,1.0,,17.31,0.0,16.69,29.1656246,,29.1656246,0.0,160.649994,0.0
2025-10-17 08:25:48+00:00,2025-10-17 08:25:48,,,,,,,,,,39.6937485,10.9671879,1031.32495,915.825012,16.7625008,1.0,,17.31,0.0,16.69,29.1656246,,29.1656246,0.0,160.649994,0.0
2025-10-17 08:25:49+00:00,2025-10-17 08:25:49,,,,,,,,,,39.7012482,11.0015621,1031.02502,915.599976,16.75,1.0,,17.31,0.0,16.69,29.15625,,29.15625,0.0,160.649994,0.0
2025-10-17 08:25:50+00:00,2025-10-17 08:25:50,39.0,39.0,39.0,39.0,39.0,15.41591931151875,100.0,BO_ONLY,"BO 모델 결과만 사용 (1단계 롤백, 2~4단계에서 Hz 변화 없음)",39.6899986,11.0390625,1030.57495,915.375,16.75,1.0,,17.31,0.0,16.69,29.1656246,,29.1656246,0.0,159.225006,0.0
2025-10-17 08:25:51+00:00,2025-10-17 08:25:51,,,,,,,,,,39.6824989,11.0390625,1030.34998,915.224976,16.75,1.0,,17.31,0.0,16.69,29.1656246,,29.1656246,0.0,159.149994,0.0
2025-10-17 08:25:52+00:00,2025-10-17 08:25:52,,,,,,,,,,39.7012482,11.0749998,1029.90002,915.0,16.75,1.0,,17.31,0.0,16.79,29.1656246,,29.1656246,0.0,159.149994,0.0
2025-10-17 08:25:53+00:00,2025-10-17 08:25:53,,,,,,,,,,39.6899986,11.1000004,1029.59998,914.775024,16.75,1.0,,17.31,0.0,16.79,29.15625,,29.15625,0.0,159.149994,0.0
2025-10-17 08:25:54+00:00,2025-10-17 08:25:54,,,,,,,,,,39.6937485,11.1000004,1029.22498,914.549988,16.75,1.0,,17.31,0.0,16.79,29.1656246,38.0,29.1656246,0.0,159.149994,0.0
2025-10-17 08:25:55+00:00,2025-10-17 08:25:55,39.0,39.0,39.0,39.0,39.0,15.424032978539588,100.0,BO_ONLY,"BO 모델 결과만 사용 (1단계 롤백, 2~4단계에서 Hz 변화 없음)",39.7012482,11.1171875,1028.77502,914.325012,16.75,1.0,,17.31,0.0,16.79,29.1656246,,29.1656246,0.0,159.149994,0.0
2025-10-17 08:25:56+00:00,2025-10-17 08:25:56,,,,,,,,,,39.6862488,11.1171875,1028.47498,914.099976,16.75,1.0,,17.31,0.0,16.79,29.1656246,,29.1656246,0.0,159.149994,0.0
2025-10-17 08:25:57+00:00,2025-10-17 08:25:57,,,,,,,,,,39.6862488,11.1203127,1028.17505,914.025024,16.75,1.0,,17.31,0.0,16.79,29.15625,,29.15625,0.0,159.149994,0.0
2025-10-17 08:25:58+00:00,2025-10-17 08:25:58,,,,,,,,,,39.6899986,11.1078129,1027.72498,913.724976,16.75,1.0,,17.31,0.0,16.79,29.1656246,,29.1656246,0.0,159.225006,0.0
2025-10-17 08:25:59+00:00,2025-10-17 08:25:59,,,,,,,,,,39.6974983,11.1078129,1027.42505,913.575012,16.7749996,1.0,,17.31,0.0,16.79,29.1656246,,29.1656246,0.0,159.149994,0.0
2025-10-17 08:26:00+00:00,2025-10-17 08:26:00,39.0,39.0,39.0,39.0,39.0,15.049702874056246,100.0,BO_ONLY,"BO 모델 결과만 사용 (1단계 롤백, 2~4단계에서 Hz 변화 없음)",39.6899986,11.0843754,1026.97498,913.349976,16.8374996,1.0,,17.31,0.0,16.79,29.1656246,,29.1656246,0.0,159.225006,0.0
2025-10-17 08:26:01+00:00,2025-10-17 08:26:01,,,,,,,,,,39.6899986,11.0484371,1026.67505,913.200012,16.8374996,1.0,,17.31,0.0,16.79,29.15625,,29.15625,0.0,160.649994,0.0
2025-10-17 08:26:02+00:00,2025-10-17 08:26:02,,,,,,,,,,39.6899986,11.0484371,1026.22498,912.900024,16.8374996,1.0,,17.31,0.0,16.86,29.1656246,,29.1656246,0.0,160.649994,0.0
2025-10-17 08:26:03+00:00,2025-10-17 08:26:03,,,,,,,,,,39.6862488,11.0031252,1025.92505,912.75,16.8374996,1.0,,17.31,0.0,16.86,29.1656246,,29.1656246,0.0,160.649994,0.0
2025-10-17 08:26:04+00:00,2025-10-17 08:26:04,,,,,,,,,,39.6937485,11.0031252,1025.40002,912.525024,17.0375004,1.0,,17.31,0.0,16.86,29.1656246,,29.1656246,0.0,160.649994,0.0
2025-10-17 08:26:05+00:00,2025-10-17 08:26:05,39.0,39.0,39.0,39.0,39.0,15.045523552742141,100.0,BO_ONLY,"BO 모델 결과만 사용 (1단계 롤백, 2~4단계에서 Hz 변화 없음)",39.6899986,10.9546871,1025.17505,912.375,17.0874996,1.0,,17.31,0.0,16.86,29.1656246,,29.1656246,0.0,160.649994,0.0
2025-10-17 08:26:06+00:00,2025-10-17 08:26:06,,,,,,,,,,39.6862488,10.90625,1024.65002,912.150024,17.0874996,1.0,,17.31,0.0,16.86,29.1656246,,29.1656246,0.0,160.649994,0.0
2025-10-17 08:26:07+00:00,2025-10-17 08:26:07,,,,,,,,,,39.6787491,10.90625,1024.34998,911.924988,17.0874996,1.0,,17.31,0.0,16.86,29.1656246,,29.1656246,0.0,160.574997,0.0
2025-10-17 08:26:08+00:00,2025-10-17 08:26:08,,,,,,,,,,39.6937485,10.8609371,1023.90002,911.700012,17.0874996,1.0,,17.31,0.0,16.86,29.1656246,,29.1656246,0.0,160.649994,0.0
2025-10-17 08:26:09+00:00,2025-10-17 08:26:09,,,,,,,,,,39.6974983,10.8140621,1023.52502,911.549988,17.1124992,1.0,,17.31,0.0,16.86,29.15625,,29.15625,0.0,160.725006,0.0
2025-10-17 08:26:10+00:00,2025-10-17 08:26:10,39.0,39.0,39.0,39.0,39.0,15.537141604526296,100.0,BO_ONLY,"BO 모델 결과만 사용 (1단계 롤백, 2~4단계에서 Hz 변화 없음)",39.7012482,10.8140621,1023.0,911.325012,17.1749992,1.0,,17.31,0.0,16.86,29.15625,,29.15625,0.0,160.649994,0.0
2025-10-17 08:26:11+00:00,2025-10-17 08:26:11,,,,,,,,,,39.6937485,10.7671871,1022.77502,911.174988,17.1749992,1.0,,17.31,0.0,16.86,29.1656246,,29.1656246,0.0,160.574997,0.0
2025-10-17 08:26:12+00:00,2025-10-17 08:26:12,,,,,,,,,,39.6862488,10.7671871,1022.32501,910.875,17.1749992,1.0,,17.31,0.0,17.19,29.1656246,,29.1656246,0.0,160.649994,0.0
2025-10-17 08:26:13+00:00,2025-10-17 08:26:13,,,,,,,,,,39.6862488,10.7171879,1021.95001,910.724976,17.1749992,1.0,,17.31,0.0,17.19,29.15625,38.0,29.15625,0.0,160.725006,0.0
2025-10-17 08:26:14+00:00,2025-10-17 08:26:14,,,,,,,,,,39.6937485,10.6671877,1021.57501,910.5,17.1749992,1.0,,17.31,0.0,17.19,29.15625,,29.15625,0.0,162.149994,0.0
2025-10-17 08:26:15+00:00,2025-10-17 08:26:15,39.0,39.0,39.0,39.0,39.0,15.476865825491803,100.0,BO_ONLY,"BO 모델 결과만 사용 (1단계 롤백, 2~4단계에서 Hz 변화 없음)",39.6862488,10.6671877,1021.27502,910.349976,17.1749992,1.0,,17.31,0.0,17.19,29.1656246,,29.1656246,0.0,162.074997,0.0
2025-10-17 08:26:16+00:00,2025-10-17 08:26:16,,,,,,,,,,39.6974983,10.6203127,1020.90002,910.125,17.1749992,1.0,,17.31,0.0,17.19,29.1656246,,29.1656246,0.0,162.149994,0.0
2025-10-17 08:26:17+00:00,2025-10-17 08:26:17,,,,,,,,,,39.6787491,10.5718746,1020.67499,909.900024,17.1749992,1.0,,17.31,0.0,17.19,29.1656246,,29.1656246,0.0,162.074997,0.0
2025-10-17 08:26:18+00:00,2025-10-17 08:26:18,,,,,,,,,,39.6974983,10.5718746,1020.375,909.674988,17.1749992,1.0,,17.31,0.0,17.19,29.15625,,29.15625,0.0,162.149994,0.0
2025-10-17 08:26:19+00:00,2025-10-17 08:26:19,,,,,,,,,,39.6899986,10.5265627,1020.15002,909.525024,17.25,1.0,,17.31,0.0,17.19,29.1749992,,29.1749992,0.0,162.074997,0.0
2025-10-17 08:26:20+00:00,2025-10-17 08:26:20,39.0,39.0,39.0,39.0,39.0,15.312085470872844,100.0,BO_ONLY,"BO 모델 결과만 사용 (1단계 롤백, 2~4단계에서 Hz 변화 없음)",39.7012482,10.5265627,1019.84998,909.299988,17.4249992,1.0,,17.31,0.0,17.19,29.34375,,29.34375,0.0,162.074997,0.0
2025-10-17 08:26:21+00:00,2025-10-17 08:26:21,,,,,,,,,,39.6899986,10.4812498,1019.70001,909.075012,17.4249992,1.0,,17.31,0.0,17.19,29.34375,,29.34375,0.0,162.074997,0.0
2025-10-17 08:26:22+00:00,2025-10-17 08:26:22,,,,,,,,,,39.6899986,10.4359379,1019.40002,908.924988,17.4249992,1.0,,17.31,0.0,17.43,29.34375,,29.34375,0.0,162.149994,0.0
2025-10-17 08:26:23+00:00,2025-10-17 08:26:23,,,,,,,,,,39.6899986,10.4359379,1019.25,908.700012,17.4249992,1.0,,17.31,0.0,17.43,29.34375,,29.34375,0.0,162.074997,0.0
2025-10-17 08:26:24+00:00,2025-10-17 08:26:24,,,,,,,,,,39.6862488,10.3843746,1018.95001,908.474976,17.4874992,1.0,,17.31,0.0,17.43,29.34375,,29.34375,0.0,162.149994,0.0
2025-10-17 08:26:25+00:00,2025-10-17 08:26:25,40.0,40.0,40.0,40.0,40.0,15.556971658475664,100.0,BO_ONLY,"BO 모델 결과만 사용 (1단계 롤백, 2~4단계에서 Hz 변화 없음)",39.6824989,10.3265629,1018.79999,908.325012,17.5125008,1.0,,17.31,0.0,17.43,29.34375,,29.34375,0.0,162.074997,0.0
2025-10-17 08:26:26+00:00,2025-10-17 08:26:26,,,,,,,,,,39.6937485,10.3265629,1018.57501,908.099976,17.5125008,1.0,,17.31,0.0,17.43,29.34375,,29.34375,0.0,162.149994,0.0
2025-10-17 08:26:27+00:00,2025-10-17 08:26:27,,,,,,,,,,39.6899986,10.2593746,1018.42499,907.950012,17.5125008,1.0,,17.31,0.0,17.43,29.34375,,29.34375,0.0,162.074997,0.0
2025-10-17 08:26:28+00:00,2025-10-17 08:26:28,,,,,,,,,,39.7012482,10.2593746,1018.34998,907.724976,17.5125008,1.0,,17.31,0.0,17.43,29.34375,38.0,29.34375,0.0,162.074997,0.0
2025-10-17 08:26:29+00:00,2025-10-17 08:26:29,,,,,,,,,,39.6862488,10.1843748,1018.27502,907.575012,17.5125008,1.0,,17.31,0.0,17.43,29.34375,,29.34375,0.0,162.074997,0.0
2025-10-17 08:26:30+00:00,2025-10-17 08:26:30,40.0,40.0,40.0,40.0,40.0,15.560999620225717,100.0,BO_ONLY,"BO 모델 결과만 사용 (1단계 롤백, 2~4단계에서 Hz 변화 없음)",39.6899986,10.0906248,1018.20001,907.275024,17.5125008,1.0,,17.31,0.0,17.43,29.34375,,29.34375,0.0,162.074997,0.0
2025-10-17 08:26:31+00:00,2025-10-17 08:26:31,,,,,,,,,,39.6862488,10.0906248,1018.125,907.200012,17.5125008,1.0,,17.31,0.0,17.43,29.34375,,29.34375,0.0,162.149994,0.0
2025-10-17 08:26:32+00:00,2025-10-17 08:26:32,,,,,,,,,,39.6899986,9.98750019,1018.20001,906.900024,17.5125008,1.0,,17.31,0.0,17.53,29.34375,,29.34375,0.0,162.074997,0.0
2025-10-17 08:26:33+00:00,2025-10-17 08:26:33,,,,,,,,,,39.6899986,9.88125038,1018.125,906.825012,17.5125008,1.0,,17.31,0.0,17.53,29.34375,,29.34375,0.0,162.074997,0.0
2025-10-17 08:26:34+00:00,2025-10-17 08:26:34,,,,,,,,,,39.6937485,9.88125038,1018.125,906.599976,17.4375,1.0,,17.31,0.0,17.53,29.2218742,,29.2218742,0.0,162.149994,0.0
2025-10-17 08:26:35+00:00,2025-10-17 08:26:35,39.0,39.0,39.0,39.0,39.0,15.731852856412882,100.0,BO_ONLY,"BO 모델 결과만 사용 (1단계 롤백, 2~4단계에서 Hz 변화 없음)",39.6899986,9.77656269,1018.125,906.450012,17.4249992,1.0,,17.31,0.0,17.53,29.1656246,,29.1656246,0.0,162.074997,0.0
2025-10-17 08:26:36+00:00,2025-10-17 08:26:36,,,,,,,,,,39.7012482,9.77656269,1018.27502,906.224976,17.4249992,1.0,,17.31,0.0,17.53,29.1656246,,29.1656246,0.0,162.074997,0.0
2025-10-17 08:26:37+00:00,2025-10-17 08:26:37,,,,,,,,,,39.6899986,9.67031288,1018.34998,906.075012,17.4249992,1.0,,17.31,0.0,17.53,29.1656246,,29.1656246,0.0,162.149994,0.0
2025-10-17 08:26:38+00:00,2025-10-17 08:26:38,,,,,,,,,,39.6899986,9.5625,1018.42499,905.849976,17.4249992,1.0,,17.31,0.0,17.53,29.15625,,29.15625,0.0,162.149994,0.0
2025-10-17 08:26:39+00:00,2025-10-17 08:26:39,,,,,,,,,,39.6974983,9.5625,1018.57501,905.775024,17.4750004,1.0,,17.31,0.0,17.53,29.1656246,,29.1656246,0.0,162.074997,0.0
2025-10-17 08:26:40+00:00,2025-10-17 08:26:40,39.0,39.0,39.0,39.0,39.0,15.095970748755441,100.0,BO_ONLY,"BO 모델 결과만 사용 (1단계 롤백, 2~4단계에서 Hz 변화 없음)",39.6937485,9.45468712,1018.72498,905.549988,17.5874996,1.0,,17.31,0.0,17.53,29.1656246,,29.1656246,0.0,162.074997,0.0
2025-10-17 08:26:41+00:00,2025-10-17 08:26:41,,,,,,,,,,39.6937485,9.33281231,1018.875,905.400024,17.5874996,1.0,,17.31,0.0,17.53,29.1656246,38.0,29.1656246,0.0,162.149994,0.0
2025-10-17 08:26:42+00:00,2025-10-17 08:26:42,,,,,,,,,,39.6974983,9.33281231,1019.09998,905.25,17.5874996,1.0,,17.31,0.0,17.6,29.15625,,29.15625,0.0,162.149994,0.0
2025-10-17 08:26:43+00:00,2025-10-17 08:26:43,,,,,,,,,,39.7012482,9.19062519,1019.32501,905.099976,17.5874996,1.0,,17.31,0.0,17.6,29.1656246,,29.1656246,0.0,162.074997,0.0
2025-10-17 08:26:44+00:00,2025-10-17 08:26:44,,,,,,,,,,39.6899986,9.19062519,1019.54999,904.875,17.4624996,1.0,,17.31,0.0,17.6,29.1656246,,29.1656246,0.0,162.074997,0.0
2025-10-17 08:26:45+00:00,2025-10-17 08:26:45,39.0,39.0,39.0,39.0,39.0,15.58815997385555,100.0,BO_ONLY,"BO 모델 결과만 사용 (1단계 롤백, 2~4단계에서 Hz 변화 없음)",39.6862488,9.03437519,1019.70001,904.799988,17.4249992,1.0,,17.31,0.0,17.6,29.1656246,,29.1656246,0.0,162.074997,0.0
2025-10-17 08:26:46+00:00,2025-10-17 08:26:46,,,,,,,,,,39.6749992,8.87187481,1019.92499,904.650024,17.4249992,1.0,,17.31,0.0,17.6,29.15625,,29.15625,0.0,162.074997,0.0
2025-10-17 08:26:47+00:00,2025-10-17 08:26:47,,,,,,,,,,39.6974983,8.87187481,1020.15002,904.5,17.4249992,1.0,,17.31,0.0,17.6,29.1656246,,29.1656246,0.0,162.074997,0.0
2025-10-17 08:26:48+00:00,2025-10-17 08:26:48,,,,,,,,,,39.6899986,8.70468712,1020.45001,904.424988,17.4249992,1.0,,17.31,0.0,17.6,29.1656246,,29.1656246,0.0,162.074997,0.0
2025-10-17 08:26:49+00:00,2025-10-17 08:26:49,,,,,,,,,,39.6862488,8.52656269,1020.67499,904.275024,17.4375,1.0,,17.31,0.0,17.6,29.1656246,,29.1656246,0.0,162.149994,0.0
2025-10-17 08:26:50+00:00,2025-10-17 08:26:50,40.0,39.0,40.0,40.0,40.0,15.029049130138118,206.0,BO_O2,"O2 규칙 적용: 8.9% (8.0% < O2 ≤ 9.0%) (2단계 롤백, 3~4단계에서 Hz 변화 없음)",39.6862488,8.52656269,1020.97498,904.125,17.4249992,1.0,,17.31,0.0,17.6,29.15625,,29.15625,0.0,162.149994,0.0
2025-10-17 08:26:51+00:00,2025-10-17 08:26:51,,,,,,,,,,39.6862488,8.34218788,1021.20001,903.974976,17.4249992,1.0,,17.31,0.0,17.6,29.1656246,,29.1656246,0.0,162.074997,0.0
2025-10-17 08:26:52+00:00,2025-10-17 08:26:52,,,,,,,,,,40.3162498,8.34218788,1021.57501,903.900024,17.4249992,1.0,,17.31,0.0,17.6,29.1656246,,29.1656246,0.0,162.074997,0.0
2025-10-17 08:26:53+00:00,2025-10-17 08:26:53,,,,,,,,,,40.7512512,8.1640625,1021.875,903.825012,17.4249992,1.0,,17.31,0.0,17.43,29.1656246,,29.1656246,0.0,162.149994,0.0
2025-10-17 08:26:54+00:00,2025-10-17 08:26:54,,,,,,,,,,40.7512512,7.9984374,1022.25,903.599976,17.2749996,1.0,,17.31,0.0,17.43,29.15625,,29.15625,0.0,160.649994,0.0
2025-10-17 08:26:55+00:00,2025-10-17 08:26:55,43.0,43.0,43.0,43.0,43.0,14.990644154872763,100.0,BO_ONLY,"BO 모델 결과만 사용 (1단계 롤백, 2~4단계에서 Hz 변화 없음)",40.7662506,7.9984374,1022.54999,903.599976,17.25,1.0,,17.31,0.0,17.43,29.2875004,,29.2875004,0.0,160.649994,0.0
2025-10-17 08:26:56+00:00,2025-10-17 08:26:56,,,,,,,,,,41.1899986,7.8499999,1023.0,903.450012,17.25,1.0,,17.31,0.0,17.43,29.8781242,,29.8781242,0.0,160.649994,0.0
2025-10-17 08:26:57+00:00,2025-10-17 08:26:57,,,,,,,,,,43.8224983,7.7109375,1023.375,903.375,17.25,1.0,,17.31,0.0,17.43,30.234375,38.0,30.234375,0.0,160.649994,0.0
2025-10-17 08:26:58+00:00,2025-10-17 08:26:58,,,,,,,,,,43.8337517,7.7109375,1023.97498,903.224976,17.25,1.0,,17.31,0.0,17.43,30.6281242,,30.6281242,0.0,160.649994,0.0
2025-10-17 08:26:59+00:00,2025-10-17 08:26:59,,,,,,,,,,43.8337517,7.5843749,1024.27502,903.224976,17.25,1.0,,17.31,0.0,17.43,31.2000008,,31.2000008,0.0,159.149994,0.0
2025-10-17 08:27:00+00:00,2025-10-17 08:27:00,46.0,47.0,46.0,46.0,46.0,14.220892332319789,205.0,BO_O2,"O2 규칙 적용: 7.8% (7.0% < O2 ≤ 8.0%) (2단계 롤백, 3~4단계에서 Hz 변화 없음)",43.8375015,7.5843749,1024.875,903.075012,17.25,1.0,,17.31,0.0,17.43,32.4562492,,32.4562492,0.0,159.149994,0.0
2025-10-17 08:27:01+00:00,2025-10-17 08:27:01,,,,,,,,,,43.8487511,7.4671874,1025.25,903.075012,17.25,1.0,,17.31,0.0,17.43,33.8156242,,33.8156242,0.0,159.225006,0.0
2025-10-17 08:27:02+00:00,2025-10-17 08:27:02,,,,,,,,,,44.4749985,7.3656249,1025.77502,902.924988,17.2625008,1.0,,17.31,0.0,17.43,34.7999992,,34.7999992,0.0,157.649994,0.0
2025-10-17 08:27:03+00:00,2025-10-17 08:27:03,,,,,,,,,,44.8837509,7.3656249,1026.22498,902.849976,17.25,1.0,,17.31,0.0,17.33,35.390625,,35.390625,0.0,157.649994,0.0
2025-10-17 08:27:04+00:00,2025-10-17 08:27:04,,,,,,,,,,44.8837509,7.2750001,1026.82495,902.775024,17.3250008,1.0,,17.31,0.0,17.33,35.8875008,,35.8875008,0.0,157.649994,0.0
2025-10-17 08:27:05+00:00,2025-10-17 08:27:05,46.0,47.0,46.0,46.0,46.0,14.840313982116765,205.0,BO_O2,"O2 규칙 적용: 7.4% (7.0% < O2 ≤ 8.0%) (2단계 롤백, 3~4단계에서 Hz 변화 없음)",44.8950005,7.19062519,1027.27502,902.775024,17.3374996,1.0,,17.31,0.0,17.33,36.4312515,,36.4312515,0.0,156.899994,0.0
2025-10-17 08:27:06+00:00,2025-10-17 08:27:06,,,,,,,,,,45.1012497,7.19062519,1027.94995,902.700012,17.3374996,1.0,,17.31,0.0,17.33,36.8624992,,36.8624992,0.0,156.225006,0.0
2025-10-17 08:27:07+00:00,2025-10-17 08:27:07,,,,,,,,,,46.9275017,7.10624981,1028.40002,902.625,17.3374996,1.0,,17.31,0.0,17.33,37.3406258,,37.3406258,0.0,156.149994,0.0
2025-10-17 08:27:08+00:00,2025-10-17 08:27:08,,,,,,,,,,46.9387512,7.10624981,1029.07495,902.549988,17.3500004,1.0,,17.31,0.0,17.33,37.7437515,,37.7437515,0.0,156.149994,0.0
2025-10-17 08:27:09+00:00,2025-10-17 08:27:09,,,,,,,,,,46.9425011,7.02656269,1029.67505,902.549988,17.25,1.0,,17.31,0.0,17.33,38.5031242,,38.5031242,0.0,156.225006,0.0
2025-10-17 08:27:10+00:00,2025-10-17 08:27:10,46.0,47.0,46.0,46.0,46.0,15.158655052575819,205.0,BO_O2,"O2 규칙 적용: 7.1% (7.0% < O2 ≤ 8.0%) (2단계 롤백, 3~4단계에서 Hz 변화 없음)",46.9425011,6.9515624,1030.42505,902.474976,17.0874996,1.0,,17.31,0.0,17.33,39.2625008,,39.2625008,0.0,156.225006,0.0
2025-10-17 08:27:11+00:00,2025-10-17 08:27:11,,,,,,,,,,46.9462509,6.9515624,1030.94995,902.474976,17.0874996,1.0,,17.31,0.0,17.33,40.1624985,,40.1624985,0.0,156.225006,0.0
2025-10-17 08:27:12+00:00,2025-10-17 08:27:12,,,,,,,,,,46.9462509,6.87968731,1031.77502,902.400024,17.0874996,1.0,,17.31,0.0,17.33,40.6593742,38.0,40.6593742,0.0,156.149994,0.0
2025-10-17 08:27:13+00:00,2025-10-17 08:27:13,,,,,,,,,,46.9387512,6.8046875,1032.22498,902.400024,17.0874996,1.0,,17.31,0.0,17.11,41.0999985,,41.0999985,0.0,156.225006,0.0
2025-10-17 08:27:14+00:00,2025-10-17 08:27:14,,,,,,,,,,46.9500008,6.8046875,1032.97498,902.325012,17.2999992,1.0,,17.31,0.0,17.11,41.2593765,,41.2593765,0.0,156.225006,0.0
2025-10-17 08:27:15+00:00,2025-10-17 08:27:15,48.0,48.0,48.0,48.0,48.0,14.512067313781332,100.0,BO_ONLY,"BO 모델 결과만 사용 (1단계 롤백, 2~4단계에서 Hz 변화 없음)",46.9537506,6.7249999,1033.5,902.325012,17.3374996,1.0,,17.31,0.0,17.11,41.4562492,,41.4562492,0.0,156.225006,0.0
2025-10-17 08:27:16+00:00,2025-10-17 08:27:16,,,,,,,,,,46.9425011,6.7249999,1034.17505,902.325012,17.3374996,1.0,,17.31,0.0,17.11,41.6437492,,41.6437492,0.0,156.225006,0.0
2025-10-17 08:27:17+00:00,2025-10-17 08:27:17,,,,,,,,,,48.9375,6.64531231,1034.625,902.325012,17.3374996,1.0,,17.31,0.0,17.11,41.6437492,,41.6437492,0.0,156.225006,0.0
2025-10-17 08:27:18+00:00,2025-10-17 08:27:18,,,,,,,,,,49.0162506,6.55937481,1035.375,902.325012,17.3374996,1.0,,17.31,0.0,17.11,41.8312492,,41.8312492,0.0,156.225006,0.0
2025-10-17 08:27:19+00:00,2025-10-17 08:27:19,,,,,,,,,,48.9900017,6.55937481,1035.82495,902.325012,17.3999996,1.0,,17.31,0.0,17.11,42.0281258,,42.0281258,0.0,156.225006,0.0
2025-10-17 08:27:20+00:00,2025-10-17 08:27:20,48.0,48.0,48.0,48.0,48.0,15.77240831948765,100.0,BO_ONLY,"BO 모델 결과만 사용 (1단계 롤백, 2~4단계에서 Hz 변화 없음)",49.03125,6.47187519,1036.65002,902.325012,17.5,1.0,,17.31,0.0,17.11,42.8156242,,42.8156242,0.0,156.149994,0.0
2025-10-17 08:27:21+00:00,2025-10-17 08:27:21,,,,,,,,,,49.0125008,6.3843751,1037.17505,902.25,17.5,1.0,,17.31,0.0,17.11,43.6218758,,43.6218758,0.0,156.225006,0.0
2025-10-17 08:27:22+00:00,2025-10-17 08:27:22,,,,,,,,,,49.78125,6.3843751,1038.07495,902.25,17.5125008,1.0,,17.31,0.0,17.11,44.1937485,,44.1937485,0.0,156.225006,0.0
2025-10-17 08:27:23+00:00,2025-10-17 08:27:23,,,,,,,,,,50.1937485,6.2953124,1038.67505,902.325012,17.5,1.0,,17.31,0.0,17.54,44.8218765,,44.8218765,0.0,156.225006,0.0
2025-10-17 08:27:24+00:00,2025-10-17 08:27:24,,,,,,,,,,50.1487503,6.2953124,1039.65002,902.25,17.2999992,1.0,,17.31,0.0,17.54,44.953125,,44.953125,0.0,156.149994,0.0
2025-10-17 08:27:25+00:00,2025-10-17 08:27:25,49.0,53.0,49.0,49.0,49.0,15.784027399002213,204.0,BO_O2,"O2 규칙 적용: 6.4% (6.0% < O2 ≤ 7.0%) (2단계 롤백, 3~4단계에서 Hz 변화 없음)",50.1599998,6.2093749,1040.40002,902.325012,17.2625008,1.0,,17.31,0.0,17.54,45.5625,,45.5625,0.0,156.225006,0.0
2025-10-17 08:27:26+00:00,2025-10-17 08:27:26,,,,,,,,,,50.1187515,6.1328125,1041.59998,902.325012,17.2625008,1.0,,17.31,0.0,17.54,46.171875,,46.171875,0.0,156.225006,0.0
2025-10-17 08:27:27+00:00,2025-10-17 08:27:27,,,,,,,,,,50.1412506,6.1328125,1042.34998,902.400024,17.2625008,1.0,,17.31,0.0,17.54,46.4437485,,46.4437485,0.0,156.225006,0.0
2025-10-17 08:27:28+00:00,2025-10-17 08:27:28,,,,,,,,,,50.1375008,6.0625,1043.47498,902.400024,17.2625008,1.0,,17.31,0.0,17.54,46.8843765,38.0,46.8843765,0.0,156.225006,0.0
2025-10-17 08:27:29+00:00,2025-10-17 08:27:29,,,,,,,,,,50.1824989,6.00312519,1044.30005,902.474976,17.2875004,1.0,,17.31,0.0,17.54,47.0812492,,47.0812492,0.0,156.225006,0.0
2025-10-17 08:27:30+00:00,2025-10-17 08:27:30,49.0,53.0,49.0,49.0,49.0,16.2900265312813,204.0,BO_O2,"O2 규칙 적용: 6.1% (6.0% < O2 ≤ 7.0%) (2단계 롤백, 3~4단계에서 Hz 변화 없음)",50.1412506,6.00312519,1045.5,902.549988,17.3374996,1.0,,17.31,0.0,17.54,47.0812492,,47.0812492,0.0,156.225006,0.0
2025-10-17 08:27:31+00:00,2025-10-17 08:27:31,,,,,,,,,,50.1637497,5.9453125,1046.40002,902.549988,17.3374996,1.0,,17.31,0.0,17.54,47.0812492,,47.0812492,0.0,156.225006,0.0
2025-10-17 08:27:32+00:00,2025-10-17 08:27:32,,,,,,,,,,50.1899986,5.9453125,1047.67505,902.700012,17.3374996,1.0,,17.31,0.0,17.54,47.0812492,,47.0812492,0.0,156.225006,0.0
2025-10-17 08:27:33+00:00,2025-10-17 08:27:33,,,,,,,,,,50.1450005,5.87968731,1048.57495,902.700012,17.3374996,1.0,,17.31,0.0,17.39,47.0812492,,47.0812492,0.0,156.225006,0.0
2025-10-17 08:27:34+00:00,2025-10-17 08:27:34,,,,,,,,,,50.1337509,5.8031249,1049.84998,902.775024,17.2749996,1.0,,17.31,0.0,17.39,47.0812492,,47.0812492,0.0,156.225006,0.0
2025-10-17 08:27:35+00:00,2025-10-17 08:27:35,53.0,53.0,53.0,53.0,53.0,16.149645035918045,100.0,BO_ONLY,"BO 모델 결과만 사용 (1단계 롤백, 2~4단계에서 Hz 변화 없음)",50.15625,5.8031249,1050.75,902.849976,17.2625008,1.0,,17.31,0.0,17.39,47.0812492,,47.0812492,0.0,156.225006,0.0
2025-10-17 08:27:36+00:00,2025-10-17 08:27:36,,,,,,,,,,50.1637497,5.7046876,1052.02502,902.924988,17.2625008,1.0,,17.31,0.0,17.39,47.0812492,,47.0812492,0.0,156.225006,0.0
2025-10-17 08:27:37+00:00,2025-10-17 08:27:37,,,,,,,,,,53.4975014,5.58906269,1052.77502,903.0,17.2625008,1.0,,17.31,0.0,17.39,47.0812492,,47.0812492,0.0,154.875,0.0
2025-10-17 08:27:38+00:00,2025-10-17 08:27:38,,,,,,,,,,54.3375015,5.58906269,1054.125,903.150024,17.2625008,1.0,,17.31,0.0,17.39,47.0812492,,47.0812492,0.0,154.800003,0.0
2025-10-17 08:27:39+00:00,2025-10-17 08:27:39,,,,,,,,,,54.3412514,5.46875,1054.94995,903.224976,17.2625008,1.0,,17.31,0.0,17.39,47.7937508,,47.7937508,0.0,154.800003,0.0
2025-10-17 08:27:40+00:00,2025-10-17 08:27:40,53.0,53.0,53.0,53.0,53.0,15.50346057098834,100.0,BO_ONLY,"BO 모델 결과만 사용 (1단계 롤백, 2~4단계에서 Hz 변화 없음)",54.3525009,5.46875,1056.30005,903.299988,17.2625008,1.0,,17.31,0.0,17.39,49.1624985,,49.1624985,0.0,154.800003,0.0
2025-10-17 08:27:41+00:00,2025-10-17 08:27:41,,,,,,,,,,54.3412514,5.34375,1057.125,903.375,17.25,1.0,,17.31,0.0,17.39,50.7374992,,50.7374992,0.0,153.300003,0.0
2025-10-17 08:27:42+00:00,2025-10-17 08:27:42,,,,,,,,,,54.3487511,5.22187519,1058.40002,903.525024,17.2625008,1.0,,17.31,0.0,17.39,51.9468765,38.0,51.9468765,0.0,153.375,0.0
2025-10-17 08:27:43+00:00,2025-10-17 08:27:43,,,,,,,,,,54.3487511,5.22187519,1059.22498,903.599976,17.2625008,1.0,,17.31,0.0,17.32,52.6968765,,52.6968765,0.0,152.25,0.0
2025-10-17 08:27:44+00:00,2025-10-17 08:27:44,,,,,,,,,,54.3450012,5.1078124,1060.5,903.674988,17.4500008,1.0,,17.31,0.0,17.32,53.0531235,,53.0531235,0.0,151.574997,0.0
2025-10-17 08:27:45+00:00,2025-10-17 08:27:45,52.0,52.0,52.0,52.0,52.0,15.673234094471189,100.0,BO_ONLY,"BO 모델 결과만 사용 (1단계 롤백, 2~4단계에서 Hz 변화 없음)",54.3450012,4.99687481,1061.32495,903.75,17.5125008,1.0,,17.31,0.0,17.32,53.4562492,,53.4562492,0.0,151.574997,0.0
2025-10-17 08:27:46+00:00,2025-10-17 08:27:46,,,,,,,,,,54.3525009,4.99687481,1062.52502,903.900024,17.5125008,1.0,,17.31,0.0,17.32,53.7843742,,53.7843742,0.0,151.574997,0.0
2025-10-17 08:27:47+00:00,2025-10-17 08:27:47,,,,,,,,,,54.3450012,4.8968749,1063.34998,904.049988,17.5,1.0,,17.31,0.0,17.32,53.7937508,,53.7937508,0.0,151.574997,0.0
2025-10-17 08:27:48+00:00,2025-10-17 08:27:48,,,,,,,,,,54.3375015,4.8968749,1064.55005,904.125,17.5125008,1.0,,17.31,0.0,17.32,53.7937508,,53.7937508,0.0,151.649994,0.0
2025-10-17 08:27:49+00:00,2025-10-17 08:27:49,,,,,,,,,,54.3450012,4.8125,1065.375,904.275024,17.4249992,1.0,,17.31,0.0,17.32,53.7937508,,53.7937508,0.0,151.574997,0.0
2025-10-17 08:27:50+00:00,2025-10-17 08:27:50,52.0,52.0,52.0,52.0,52.0,16.26331423775493,100.0,BO_ONLY,"BO 모델 결과만 사용 (1단계 롤백, 2~4단계에서 Hz 변화 없음)",54.3487511,4.73906231,1066.65002,904.424988,17.2625008,1.0,,17.31,0.0,17.32,53.7937508,,53.7937508,0.0,151.574997,0.0
2025-10-17 08:27:51+00:00,2025-10-17 08:27:51,,,,,,,,,,54.3937492,4.73906231,1067.40002,904.5,17.25,1.0,,17.31,0.0,17.32,53.7937508,,53.7937508,0.0,151.574997,0.0
2025-10-17 08:27:52+00:00,2025-10-17 08:27:52,,,,,,,,,,55.2975006,4.6796875,1068.59998,904.650024,17.2625008,1.0,,17.31,0.0,17.32,53.7937508,,53.7937508,0.0,151.574997,0.0
2025-10-17 08:27:53+00:00,2025-10-17 08:27:53,,,,,,,,,,55.3725014,4.62968731,1069.42505,904.799988,17.2625008,1.0,,17.31,0.0,17.29,53.7937508,,53.7937508,0.0,150.300003,0.0
2025-10-17 08:27:54+00:00,2025-10-17 08:27:54,,,,,,,,,,55.3462486,4.62968731,1070.55005,904.950012,17.25,1.0,,17.31,0.0,17.29,54.046875,,54.046875,0.0,150.149994,0.0
2025-10-17 08:27:55+00:00,2025-10-17 08:27:55,52.0,52.0,52.0,52.0,52.0,15.224153957655831,100.0,BO_ONLY,"BO 모델 결과만 사용 (1단계 롤백, 2~4단계에서 Hz 변화 없음)",55.3725014,4.59375,1071.30005,905.025024,17.2625008,1.0,,17.31,0.0,17.29,54.5250015,,54.5250015,0.0,150.074997,0.0
2025-10-17 08:27:56+00:00,2025-10-17 08:27:56,,,,,,,,,,55.3499985,4.59375,1072.5,905.25,17.2625008,1.0,,17.31,0.0,17.29,54.8343735,,54.8343735,0.0,150.149994,0.0
2025-10-17 08:27:57+00:00,2025-10-17 08:27:57,,,,,,,,,,55.3800011,4.57343769,1073.25,905.325012,17.25,1.0,,17.31,0.0,17.29,55.21875,,55.21875,0.0,150.074997,0.0
2025-10-17 08:27:58+00:00,2025-10-17 08:27:58,,,,,,,,,,55.3725014,4.5609374,1074.375,905.549988,17.2625008,1.0,,17.31,0.0,17.29,55.2562485,,55.2562485,0.0,150.149994,0.0
2025-10-17 08:27:59+00:00,2025-10-17 08:27:59,,,,,,,,,,55.3462486,4.5609374,1075.125,905.625,17.2875004,1.0,,17.31,0.0,17.29,55.2562485,,55.2562485,0.0,150.149994,0.0
2025-10-17 08:28:00+00:00,2025-10-17 08:28:00,52.0,52.0,52.0,52.0,52.0,15.22519214394647,100.0,BO_ONLY,"BO 모델 결과만 사용 (1단계 롤백, 2~4단계에서 Hz 변화 없음)",55.3574982,4.55000019,1076.25,905.849976,17.3374996,1.0,,17.31,0.0,17.29,55.3312492,,55.3312492,0.0,150.074997,0.0
2025-10-17 08:28:01+00:00,2025-10-17 08:28:01,,,,,,,,,,55.3349991,4.5453124,1077.0,906.0,17.3374996,1.0,,17.31,0.0,17.29,55.4437485,,55.4437485,0.0,150.074997,0.0
2025-10-17 08:28:02+00:00,2025-10-17 08:28:02,,,,,,,,,,55.3725014,4.5453124,1078.125,906.150024,17.3500004,1.0,,17.31,0.0,17.29,55.4437485,,55.4437485,0.0,150.074997,0.0
2025-10-17 08:28:03+00:00,2025-10-17 08:28:03,,,,,,,,,,55.3875008,4.55156231,1078.875,906.299988,17.3374996,1.0,,17.31,0.0,17.36,55.4437485,,55.4437485,0.0,150.074997,0.0
2025-10-17 08:28:04+00:00,2025-10-17 08:28:04,,,,,,,,,,55.3574982,4.55156231,1079.92505,906.525024,17.625,1.0,,17.31,0.0,17.36,55.4343758,,55.4343758,0.0,150.149994,0.0
2025-10-17 08:28:05+00:00,2025-10-17 08:28:05,53.0,53.0,53.0,53.0,53.0,15.316731594149426,100.0,BO_ONLY,"BO 모델 결과만 사용 (1단계 롤백, 2~4단계에서 Hz 변화 없음)",55.3462486,4.5718751,1080.75,906.674988,17.6749992,1.0,,17.31,0.0,17.36,55.4437485,,55.4437485,0.0,150.074997,0.0
2025-10-17 08:28:06+00:00,2025-10-17 08:28:06,,,,,,,,,,55.3499985,4.59843731,1081.875,906.825012,17.6749992,1.0,,17.31,0.0,17.36,55.4437485,,55.4437485,0.0,150.149994,0.0
2025-10-17 08:28:07+00:00,2025-10-17 08:28:07,,,,,,,,,,55.3462486,4.59843731,1082.69995,907.049988,17.6749992,1.0,,17.31,0.0,17.36,55.4437485,,55.4437485,0.0,150.149994,0.0
2025-10-17 08:28:08+00:00,2025-10-17 08:28:08,,,,,,,,,,55.3424988,4.6156249,1083.90002,907.275024,17.6749992,1.0,,17.31,0.0,17.36,55.4343758,,55.4343758,0.0,150.149994,0.0
2025-10-17 08:28:09+00:00,2025-10-17 08:28:09,,,,,,,,,,55.3387489,4.63749981,1084.72498,907.349976,17.6749992,1.0,,17.31,0.0,17.36,55.4437485,,55.4437485,0.0,150.074997,0.0
2025-10-17 08:28:10+00:00,2025-10-17 08:28:10,53.0,53.0,53.0,53.0,53.0,16.488927725856136,100.0,BO_ONLY,"BO 모델 결과만 사용 (1단계 롤백, 2~4단계에서 Hz 변화 없음)",55.3987503,4.63749981,1085.92505,907.575012,17.6749992,1.0,,17.31,0.0,17.36,55.4437485,,55.4437485,0.0,150.149994,0.0
2025-10-17 08:28:11+00:00,2025-10-17 08:28:11,,,,,,,,,,55.3612518,4.66093731,1086.67505,907.724976,17.6749992,1.0,,17.31,0.0,17.36,55.4437485,,55.4437485,0.0,150.149994,0.0
2025-10-17 08:28:12+00:00,2025-10-17 08:28:12,,,,,,,,,,55.3837509,4.66093731,1087.875,908.025024,17.6749992,1.0,,17.31,0.0,17.36,55.4343758,,55.4343758,0.0,150.074997,0.0
2025-10-17 08:28:13+00:00,2025-10-17 08:28:13,,,,,,,,,,55.3574982,4.6859374,1088.625,908.174988,17.6749992,1.0,,17.31,0.0,17.74,55.4437485,,55.4437485,0.0,150.074997,0.0
2025-10-17 08:28:14+00:00,2025-10-17 08:28:14,,,,,,,,,,55.3499985,4.7093749,1089.97498,908.474976,17.8875008,1.0,,17.31,0.0,17.74,55.4437485,,55.4437485,0.0,150.074997,0.0
2025-10-17 08:28:15+00:00,2025-10-17 08:28:15,53.0,53.0,53.0,53.0,53.0,17.11637399934597,100.0,BO_ONLY,"BO 모델 결과만 사용 (1단계 롤백, 2~4단계에서 Hz 변화 없음)",55.3612518,4.7093749,1090.80005,908.549988,17.9249992,1.0,,17.31,0.0,17.74,55.265625,,55.265625,0.0,150.149994,0.0
2025-10-17 08:28:16+00:00,2025-10-17 08:28:16,,,,,,,,,,55.3424988,4.7265625,1092.07495,908.775024,17.9249992,1.0,,17.31,0.0,17.74,55.4249992,,55.4249992,0.0,150.149994,0.0
2025-10-17 08:28:17+00:00,2025-10-17 08:28:17,,,,,,,,,,55.3424988,4.7328124,1092.97498,909.0,17.9249992,1.0,,17.31,0.0,17.74,55.4343758,,55.4343758,0.0,150.074997,0.0
2025-10-17 08:28:18+00:00,2025-10-17 08:28:18,,,,,,,,,,55.3537483,4.7328124,1094.32495,909.224976,17.9249992,1.0,,17.31,0.0,17.74,55.4437485,,55.4437485,0.0,150.074997,0.0
2025-10-17 08:28:19+00:00,2025-10-17 08:28:19,,,,,,,,,,55.3462486,4.7249999,1095.22498,909.450012,17.9624996,1.0,,17.31,0.0,17.74,55.4437485,,55.4437485,0.0,150.149994,0.0
2025-10-17 08:28:20+00:00,2025-10-17 08:28:20,53.0,53.0,53.0,53.0,53.0,17.59967812299513,100.0,BO_ONLY,"BO 모델 결과만 사용 (1단계 롤백, 2~4단계에서 Hz 변화 없음)",55.3499985,4.7249999,1096.65002,909.674988,18.0125008,1.0,,17.31,0.0,17.74,55.4437485,,55.4437485,0.0,150.149994,0.0
2025-10-17 08:28:21+00:00,2025-10-17 08:28:21,,,,,,,,,,55.3837509,4.7015624,1097.625,909.900024,18.0125008,1.0,,17.31,0.0,17.74,55.4437485,,55.4437485,0.0,150.074997,0.0
2025-10-17 08:28:22+00:00,2025-10-17 08:28:22,,,,,,,,,,55.3612518,4.6781249,1099.05005,910.200012,18.0125008,1.0,,17.31,0.0,17.74,55.4437485,,55.4437485,0.0,150.074997,0.0
2025-10-17 08:28:23+00:00,2025-10-17 08:28:23,,,,,,,,,,55.3499985,4.6781249,1099.94995,910.349976,18.0125008,1.0,,17.31,0.0,18.01,55.4437485,,55.4437485,0.0,150.149994,0.0
2025-10-17 08:28:24+00:00,2025-10-17 08:28:24,,,,,,,,,,55.3987503,4.65312481,1101.44995,910.650024,18.1625004,1.0,,17.31,0.0,18.01,55.4437485,,55.4437485,0.0,150.149994,0.0
2025-10-17 08:28:25+00:00,2025-10-17 08:28:25,53.0,53.0,53.0,53.0,53.0,17.996169044674,100.0,BO_ONLY,"BO 모델 결과만 사용 (1단계 롤백, 2~4단계에서 Hz 변화 없음)",55.3499985,4.625,1102.34998,910.799988,18.1875,1.0,,17.31,0.0,18.01,55.4437485,,55.4437485,0.0,150.149994,0.0
2025-10-17 08:28:26+00:00,2025-10-17 08:28:26,,,,,,,,,,55.3650017,4.625,1103.69995,911.099976,18.1749992,1.0,,17.31,0.0,18.01,55.4437485,,55.4437485,0.0,150.074997,0.0
2025-10-17 08:28:27+00:00,2025-10-17 08:28:27,,,,,,,,,,55.3462486,4.59375,1104.59998,911.400024,18.1749992,1.0,,17.31,0.0,18.01,55.4437485,,55.4437485,0.0,150.074997,0.0
2025-10-17 08:28:28+00:00,2025-10-17 08:28:28,,,,,,,,,,55.3950005,4.59375,1105.80005,911.625,18.1749992,1.0,,17.31,0.0,18.01,55.4343758,,55.4343758,0.0,150.149994,0.0
2025-10-17 08:28:29+00:00,2025-10-17 08:28:29,,,,,,,,,,55.3387489,4.5562501,1106.625,911.849976,18.125,1.0,,17.31,0.0,18.01,55.4437485,,55.4437485,0.0,150.074997,0.0
2025-10-17 08:28:30+00:00,2025-10-17 08:28:30,53.0,53.0,53.0,53.0,53.0,17.31491998635814,100.0,BO_ONLY,"BO 모델 결과만 사용 (1단계 롤백, 2~4단계에서 Hz 변화 없음)",55.3950005,4.5296874,1107.82495,912.224976,18.0125008,1.0,,17.31,0.0,18.01,55.453125,,55.453125,0.0,150.074997,0.0
2025-10-17 08:28:31+00:00,2025-10-17 08:28:31,,,,,,,,,,55.3612518,4.5296874,1108.57495,912.450012,18.0125008,1.0,,17.31,0.0,18.01,55.6312485,,55.6312485,0.0,150.074997,0.0
2025-10-17 08:28:32+00:00,2025-10-17 08:28:32,,,,,,,,,,55.3800011,4.5093751,1109.69995,912.75,18.0125008,1.0,,17.31,0.0,18.01,55.6312485,,55.6312485,0.0,150.149994,0.0
2025-10-17 08:28:33+00:00,2025-10-17 08:28:33,,,,,,,,,,55.3725014,4.4921875,1110.75,913.125,18.0125008,1.0,,17.31,0.0,18.05,55.6312485,,55.6312485,0.0,150.074997,0.0
2025-10-17 08:28:34+00:00,2025-10-17 08:28:34,,,,,,,,,,55.3574982,4.4921875,1111.42505,913.349976,18.0874996,1.0,,17.31,0.0,18.05,55.6312485,,55.6312485,0.0,150.074997,0.0
2025-10-17 08:28:35+00:00,2025-10-17 08:28:35,53.0,53.0,53.0,53.0,53.0,17.419306085078393,100.0,BO_ONLY,"BO 모델 결과만 사용 (1단계 롤백, 2~4단계에서 Hz 변화 없음)",55.3574982,4.4703126,1112.47498,913.650024,18.1000004,1.0,,17.31,0.0,18.05,55.6312485,,55.6312485,0.0,150.074997,0.0
2025-10-17 08:28:36+00:00,2025-10-17 08:28:36,,,,,,,,,,55.3574982,4.4468751,1113.07495,913.875,18.1000004,1.0,,17.31,0.0,18.05,55.6312485,,55.6312485,0.0,150.149994,0.0
2025-10-17 08:28:37+00:00,2025-10-17 08:28:37,,,,,,,,,,55.3462486,4.4468751,1114.05005,914.25,18.1000004,1.0,,17.31,0.0,18.05,55.6312485,,55.6312485,0.0,150.074997,0.0
2025-10-17 08:28:38+00:00,2025-10-17 08:28:38,,,,,,,,,,55.3537483,4.42500019,1114.72498,914.474976,18.1000004,1.0,,17.31,0.0,18.05,55.6312485,,55.6312485,0.0,150.074997,0.0
2025-10-17 08:28:39+00:00,2025-10-17 08:28:39,,,,,,,,,,55.3499985,4.42500019,1115.32495,914.700012,18.125,1.0,,17.31,0.0,18.05,55.6312485,,55.6312485,0.0,150.149994,0.0
2025-10-17 08:28:40+00:00,2025-10-17 08:28:40,53.0,53.0,53.0,53.0,53.0,17.37827302490179,100.0,BO_ONLY,"BO 모델 결과만 사용 (1단계 롤백, 2~4단계에서 Hz 변화 없음)",55.3574982,4.4124999,1116.15002,915.075012,18.1749992,1.0,,17.31,0.0,18.05,55.6312485,,55.6312485,0.0,150.149994,0.0
2025-10-17 08:28:41+00:00,2025-10-17 08:28:41,,,,,,,,,,55.3912506,4.4000001,1117.05005,915.375,18.1749992,1.0,,17.31,0.0,18.05,55.6312485,,55.6312485,0.0,150.149994,0.0
2025-10-17 08:28:42+00:00,2025-10-17 08:28:42,,,,,,,,,,55.3462486,4.4000001,1117.57495,915.674988,18.1749992,1.0,,17.31,0.0,18.05,55.6312485,,55.6312485,0.0,150.074997,0.0
2025-10-17 08:28:43+00:00,2025-10-17 08:28:43,,,,,,,,,,55.3650017,4.3968749,1118.47498,915.974976,18.1749992,1.0,,17.31,0.0,18.22,55.6312485,,55.6312485,0.0,150.149994,0.0
2025-10-17 08:28:44+00:00,2025-10-17 08:28:44,,,,,,,,,,55.3574982,4.3984375,1119.0,916.275024,18.3250008,1.0,,17.31,0.0,18.22,55.4437485,,55.4437485,0.0,150.149994,0.0
2025-10-17 08:28:45+00:00,2025-10-17 08:28:45,53.0,53.0,53.0,53.0,53.0,17.664468223855486,100.0,BO_ONLY,"BO 모델 결과만 사용 (1단계 롤백, 2~4단계에서 Hz 변화 없음)",55.3424988,4.3984375,1119.82495,916.650024,18.3500004,1.0,,17.31,0.0,18.22,55.4343758,,55.4343758,0.0,150.149994,0.0
2025-10-17 08:28:46+00:00,2025-10-17 08:28:46,,,,,,,,,,55.4025002,4.4140625,1120.34998,916.875,18.3500004,1.0,,17.31,0.0,18.22,55.4437485,,55.4437485,0.0,150.149994,0.0
2025-10-17 08:28:47+00:00,2025-10-17 08:28:47,,,,,,,,,,55.3687515,4.4140625,1121.17505,917.25,18.3374996,1.0,,17.31,0.0,18.22,55.453125,,55.453125,0.0,150.074997,0.0
2025-10-17 08:28:48+00:00,2025-10-17 08:28:48,,,,,,,,,,55.3687515,4.44218731,1121.69995,917.474976,18.3500004,1.0,,17.31,0.0,18.22,55.6312485,,55.6312485,0.0,150.149994,0.0
2025-10-17 08:28:49+00:00,2025-10-17 08:28:49,,,,,,,,,,55.3424988,4.4781251,1122.30005,917.849976,18.25,1.0,,17.31,0.0,18.22,55.6312485,,55.6312485,0.0,150.074997,0.0
2025-10-17 08:28:50+00:00,2025-10-17 08:28:50,53.0,53.0,53.0,53.0,53.0,18.454852856265845,100.0,BO_ONLY,"BO 모델 결과만 사용 (1단계 롤백, 2~4단계에서 Hz 변화 없음)",55.3725014,4.4781251,1122.75,918.075012,18.1000004,1.0,,17.31,0.0,18.22,55.6312485,,55.6312485,0.0,150.074997,0.0
2025-10-17 08:28:51+00:00,2025-10-17 08:28:51,,,,,,,,,,55.3499985,4.51249981,1123.5,918.450012,18.1000004,1.0,,17.31,0.0,18.22,55.4437485,,55.4437485,0.0,150.074997,0.0
2025-10-17 08:28:52+00:00,2025-10-17 08:28:52,,,,,,,,,,55.3725014,4.5406251,1123.94995,918.674988,18.1000004,1.0,,17.31,0.0,18.22,55.4437485,,55.4437485,0.0,150.149994,0.0
2025-10-17 08:28:53+00:00,2025-10-17 08:28:53,,,,,,,,,,55.3462486,4.5406251,1124.625,919.049988,18.1000004,1.0,,17.31,0.0,18.16,55.4343758,,55.4343758,0.0,150.074997,0.0
2025-10-17 08:28:54+00:00,2025-10-17 08:28:54,,,,,,,,,,55.3574982,4.55937481,1125.07495,919.349976,18.2374992,1.0,,17.31,0.0,18.16,55.4343758,,55.4343758,0.0,150.074997,0.0
2025-10-17 08:28:55+00:00,2025-10-17 08:28:55,51.0,51.0,51.0,51.0,51.0,17.849219115993844,100.0,BO_ONLY,"BO 모델 결과만 사용 (1단계 롤백, 2~4단계에서 Hz 변화 없음)",55.3800011,4.55937481,1125.82495,919.724976,18.2625008,1.0,,17.31,0.0,18.16,55.4437485,,55.4437485,0.0,150.149994,0.0
2025-10-17 08:28:56+00:00,2025-10-17 08:28:56,,,,,,,,,,55.3762512,4.5796876,1126.19995,919.950012,18.2625008,1.0,,17.31,0.0,18.16,55.4437485,,55.4437485,0.0,150.074997,0.0
2025-10-17 08:28:57+00:00,2025-10-17 08:28:57,,,,,,,,,,55.3725014,4.6031251,1126.875,920.25,18.2625008,1.0,,17.31,0.0,18.16,55.4343758,,55.4343758,0.0,150.149994,0.0
2025-10-17 08:28:58+00:00,2025-10-17 08:28:58,,,,,,,,,,55.3800011,4.6031251,1127.32495,920.549988,18.2625008,1.0,,17.31,0.0,18.16,55.4437485,,55.4437485,0.0,150.074997,0.0
2025-10-17 08:28:59+00:00,2025-10-17 08:28:59,,,,,,,,,,55.3424988,4.62968731,1127.92505,920.849976,18.1875,1.0,,17.31,0.0,18.16,55.5750008,,55.5750008,0.0,150.149994,0.0
2025-10-17 08:29:00+00:00,2025-10-17 08:29:00,50.374376299999994,50.0,50.0,50.0,50.0,18.31997747017881,100.0,BO_ONLY,"BO 모델 결과만 사용 (1단계 롤백, 2~4단계에서 Hz 변화 없음)",55.3650017,4.66093731,1128.30005,921.075012,18.1749992,1.0,,17.31,0.0,18.16,55.4343758,,55.4343758,0.0,150.149994,0.0
2025-10-17 08:29:01+00:00,2025-10-17 08:29:01,,,,,,,,,,55.3612518,4.66093731,1128.75,921.450012,18.1749992,1.0,,17.31,0.0,18.16,55.4343758,,55.4343758,0.0,150.149994,0.0
2025-10-17 08:29:02+00:00,2025-10-17 08:29:02,,,,,,,,,,55.3650017,4.69218731,1129.05005,921.75,18.1875,1.0,,17.31,0.0,18.16,55.4437485,,55.4437485,0.0,150.149994,0.0
2025-10-17 08:29:03+00:00,2025-10-17 08:29:03,,,,,,,,,,55.3612518,4.69218731,1129.42505,922.049988,18.1749992,1.0,,17.31,0.0,18.19,55.4437485,,55.4437485,0.0,150.074997,0.0
2025-10-17 08:29:04+00:00,2025-10-17 08:29:04,,,,,,,,,,55.3687515,4.73124981,1129.72498,922.349976,18.0375004,1.0,,17.31,0.0,18.19,55.4437485,,55.4437485,0.0,150.074997,0.0
2025-10-17 08:29:05+00:00,2025-10-17 08:29:05,50.36312675,50.0,50.0,50.0,50.0,18.062745151126883,100.0,BO_ONLY,"BO 모델 결과만 사용 (1단계 롤백, 2~4단계에서 Hz 변화 없음)",55.3762512,4.76875019,1130.02502,922.724976,18.0125008,1.0,,17.31,0.0,18.19,55.4343758,,55.4343758,0.0,150.074997,0.0
2025-10-17 08:29:06+00:00,2025-10-17 08:29:06,,,,,,,,,,55.3499985,4.76875019,1130.25,922.950012,18.0125008,1.0,,17.31,0.0,18.19,55.4437485,,55.4437485,0.0,150.149994,0.0
2025-10-17 08:29:07+00:00,2025-10-17 08:29:07,,,,,,,,,,55.3837509,4.8031249,1130.55005,923.325012,18.0125008,1.0,,17.31,0.0,18.19,55.4437485,,55.4437485,0.0,150.074997,0.0
2025-10-17 08:29:08+00:00,2025-10-17 08:29:08,,,,,,,,,,55.3574982,4.8359375,1130.69995,923.549988,18.0125008,1.0,,17.31,0.0,18.19,55.4343758,,55.4343758,0.0,150.149994,0.0
2025-10-17 08:29:09+00:00,2025-10-17 08:29:09,,,,,,,,,,55.3574982,4.8359375,1130.92505,923.849976,17.8250008,1.0,,17.31,0.0,18.19,55.4343758,,55.4343758,0.0,150.149994,0.0
2025-10-17 08:29:10+00:00,2025-10-17 08:29:10,50.3668747,49.0,49.0,49.0,49.0,17.877091657227986,100.0,BO_ONLY,"BO 모델 결과만 사용 (1단계 롤백, 2~4단계에서 Hz 변화 없음)",55.3725014,4.86250019,1131.15002,924.224976,17.5,1.0,,17.31,0.0,18.19,55.4437485,,55.4437485,0.0,150.074997,0.0
2025-10-17 08:29:11+00:00,2025-10-17 08:29:11,,,,,,,,,,55.3950005,4.86250019,1131.30005,924.525024,17.5,1.0,,17.31,0.0,18.19,55.4343758,,55.4343758,0.0,150.074997,0.0
2025-10-17 08:29:12+00:00,2025-10-17 08:29:12,,,,,,,,,,55.3499985,4.890625,1131.44995,924.75,17.5125008,1.0,,17.31,0.0,18.19,55.4437485,,55.4437485,0.0,149.699997,0.0
2025-10-17 08:29:13+00:00,2025-10-17 08:29:13,,,,,,,,,,55.3574982,4.91718769,1131.67505,925.125,17.5125008,1.0,,17.31,0.0,17.53,55.4343758,,55.4343758,0.0,148.574997,0.0
2025-10-17 08:29:14+00:00,2025-10-17 08:29:14,,,,,,,,,,55.3387489,4.91718769,1131.82495,925.424988,17.5,1.0,,17.31,0.0,17.53,55.4343758,,55.4343758,0.0,148.574997,0.0
2025-10-17 08:29:15+00:00,2025-10-17 08:29:15,50.3724995,49.0,49.0,49.0,49.0,15.677694349508567,100.0,BO_ONLY,"BO 모델 결과만 사용 (1단계 롤백, 2~4단계에서 Hz 변화 없음)",55.3612518,4.9468751,1131.97498,925.799988,17.5125008,1.0,,17.31,0.0,17.53,55.4343758,,55.4343758,0.0,148.574997,0.0
2025-10-17 08:29:16+00:00,2025-10-17 08:29:16,,,,,,,,,,55.3875008,4.98906231,1132.125,926.099976,17.5125008,1.0,,17.31,0.0,17.53,55.4437485,,55.4437485,0.0,148.574997,0.0
2025-10-17 08:29:17+00:00,2025-10-17 08:29:17,,,,,,,,,,55.3424988,4.98906231,1132.42505,926.400024,17.5,1.0,,17.31,0.0,17.53,55.4343758,,55.4343758,0.0,148.574997,0.0
2025-10-17 08:29:18+00:00,2025-10-17 08:29:18,,,,,,,,,,55.3687515,5.0390625,1132.57495,926.700012,17.5,1.0,,17.31,0.0,17.53,55.4343758,,55.4343758,0.0,148.5,0.0
2025-10-17 08:29:19+00:00,2025-10-17 08:29:19,,,,,,,,,,55.3499985,5.0390625,1132.72498,927.075012,17.1749992,1.0,,17.31,0.0,17.53,55.4343758,,55.4343758,0.0,148.5,0.0
2025-10-17 08:29:20+00:00,2025-10-17 08:29:20,50.3649998,48.0,49.0,49.0,49.0,15.704962541488875,202.0,BO_O2,"O2 규칙 적용: 5.0% (4.0% < O2 ≤ 5.0%) (2단계 롤백, 3~4단계에서 Hz 변화 없음)",55.3387489,5.0843749,1132.875,927.299988,17.1749992,1.0,,17.31,0.0,17.53,55.4343758,,55.4343758,0.0,148.574997,0.0
2025-10-17 08:29:21+00:00,2025-10-17 08:29:21,,,,,,,,,,55.3387489,5.1265626,1133.02502,927.674988,17.1749992,1.0,,17.31,0.0,17.53,55.4343758,,55.4343758,0.0,148.574997,0.0
2025-10-17 08:29:22+00:00,2025-10-17 08:29:22,,,,,,,,,,55.3462486,5.1265626,1133.17505,927.974976,17.1749992,1.0,,17.31,0.0,17.53,55.4343758,,55.4343758,0.0,148.574997,0.0
2025-10-17 08:29:23+00:00,2025-10-17 08:29:23,,,,,,,,,,55.3875008,5.17500019,1133.32495,928.349976,17.1749992,1.0,,17.31,0.0,17.19,55.4343758,,55.4343758,0.0,148.5,0.0
2025-10-17 08:29:24+00:00,2025-10-17 08:29:24,,,,,,,,,,55.3912506,5.22187519,1133.40002,928.575012,16.6499996,1.0,,17.31,0.0,17.19,55.4437485,,55.4437485,0.0,148.574997,0.0
2025-10-17 08:29:25+00:00,2025-10-17 08:29:25,50.342498750000004,48.0,48.0,48.0,48.0,15.717094595355722,100.0,BO_ONLY,"BO 모델 결과만 사용 (1단계 롤백, 2~4단계에서 Hz 변화 없음)",55.3687515,5.22187519,1133.47498,928.950012,16.5874996,1.0,,17.31,0.0,17.19,55.4343758,,55.4343758,0.0,148.574997,0.0
2025-10-17 08:29:26+00:00,2025-10-17 08:29:26,,,,,,,,,,55.3499985,5.26249981,1133.55005,929.174988,16.5874996,1.0,,17.31,0.0,17.19,55.4343758,,55.4343758,0.0,148.875,0.0
2025-10-17 08:29:27+00:00,2025-10-17 08:29:27,,,,,,,,,,52.3274994,5.26249981,1133.55005,929.625,16.5874996,1.0,,17.31,0.0,17.19,55.4437485,,55.4437485,0.0,150.074997,0.0
2025-10-17 08:29:28+00:00,2025-10-17 08:29:28,,,,,,,,,,51.2062492,5.2890625,1133.625,929.924988,16.5874996,1.0,,17.31,0.0,17.19,55.4343758,,55.4343758,0.0,150.149994,0.0
2025-10-17 08:29:29+00:00,2025-10-17 08:29:29,,,,,,,,,,51.2024994,5.2984376,1133.625,930.224976,16.2875004,1.0,,17.31,0.0,17.19,55.1062508,,55.1062508,0.0,150.149994,0.0
2025-10-17 08:29:30+00:00,2025-10-17 08:29:30,48.838748949999996,48.0,48.0,48.0,48.0,15.552718162849143,100.0,BO_ONLY,"BO 모델 결과만 사용 (1단계 롤백, 2~4단계에서 Hz 변화 없음)",51.2024994,5.2984376,1133.69995,930.525024,15.8249998,1.0,,17.31,0.0,17.19,53.7843742,,53.7843742,0.0,150.074997,0.0
2025-10-17 08:29:31+00:00,2025-10-17 08:29:31,,,,,,,,,,51.2024994,5.30937481,1133.69995,930.900024,15.8125,1.0,,17.31,0.0,17.19,52.265625,,52.265625,0.0,150.074997,0.0
2025-10-17 08:29:32+00:00,2025-10-17 08:29:32,,,,,,,,,,50.25,5.32343769,1133.69995,931.125,15.8249998,1.0,,17.31,0.0,17.19,50.9812508,,50.9812508,0.0,150.074997,0.0
2025-10-17 08:29:33+00:00,2025-10-17 08:29:33,,,,,,,,,,50.2125015,5.32343769,1133.77502,931.5,15.8249998,1.0,,17.31,0.0,15.83,50.1281242,,50.1281242,0.0,150.149994,0.0
2025-10-17 08:29:34+00:00,2025-10-17 08:29:34,,,,,,,,,,50.1824989,5.34687519,1133.77502,931.724976,15.4499998,1.0,,17.31,0.0,15.83,49.4437485,,49.4437485,0.0,151.199997,0.0
2025-10-17 08:29:35+00:00,2025-10-17 08:29:35,48.0,48.0,48.0,48.0,48.0,15.163729804471412,100.0,BO_ONLY,"BO 모델 결과만 사용 (1단계 롤백, 2~4단계에서 Hz 변화 없음)",50.1225014,5.34687519,1133.77502,932.174988,15.4125004,1.0,,17.31,0.0,15.83,48.8156242,,48.8156242,0.0,151.5,0.0
2025-10-17 08:29:36+00:00,2025-10-17 08:29:36,,,,,,,,,,48.4387512,5.375,1133.69995,932.400024,15.4125004,1.0,,17.31,0.0,15.83,48.2999992,,48.2999992,0.0,151.574997,0.0
2025-10-17 08:29:37+00:00,2025-10-17 08:29:37,,,,,,,,,,48.0074997,5.40625,1133.625,932.775024,15.4125004,1.0,,17.31,0.0,15.83,47.8125,,47.8125,0.0,153.300003,0.0
2025-10-17 08:29:38+00:00,2025-10-17 08:29:38,,,,,,,,,,47.9962502,5.40625,1133.625,933.075012,15.3999996,1.0,,14.09,0.0,15.83,47.3718758,,47.3718758,0.0,153.300003,0.0
2025-10-17 08:29:39+00:00,2025-10-17 08:29:39,,,,,,,,,,47.9962502,5.4375,1133.55005,933.450012,14.5749998,1.0,,14.09,0.0,15.83,46.7999992,,46.7999992,0.0,153.300003,0.0
2025-10-17 08:29:40+00:00,2025-10-17 08:29:40,48.0,48.0,48.0,48.0,48.0,13.335463871611053,100.0,BO_ONLY,"BO 모델 결과만 사용 (1단계 롤백, 2~4단계에서 Hz 변화 없음)",48.0,5.4703126,1133.40002,933.674988,14.5625,1.0,,14.09,0.0,15.83,45.84375,,45.84375,0.0,153.300003,0.0
2025-10-17 08:29:41+00:00,2025-10-17 08:29:41,,,,,,,,,,47.9887505,5.4703126,1133.32495,934.049988,14.5749998,1.0,,14.09,0.0,15.83,45.0750008,,45.0750008,0.0,154.800003,0.0
2025-10-17 08:29:42+00:00,2025-10-17 08:29:42,,,,,,,,,,47.9925003,5.5062499,1133.25,934.349976,14.5749998,1.0,,14.09,0.0,15.83,44.578125,,44.578125,0.0,154.800003,0.0
2025-10-17 08:29:43+00:00,2025-10-17 08:29:43,,,,,,,,,,47.9925003,5.5062499,1133.17505,934.724976,14.5625,1.0,,14.09,0.0,14.55,44.0718765,,44.0718765,0.0,154.725006,0.0
2025-10-17 08:29:44+00:00,2025-10-17 08:29:44,,,,,,,,,,47.9962502,5.54218769,1133.09998,934.950012,14.1750002,1.0,,14.09,0.0,14.55,44.0625,,44.0625,0.0,154.800003,0.0
2025-10-17 08:29:45+00:00,2025-10-17 08:29:45,,,,,,,,,,,,,,,,,14.09,0.0,14.55,,,,,,
2025-10-17 08:29:46+00:00,2025-10-17 08:29:46,,,,,,,,,,,,,,,,,14.09,0.0,14.55,,,,,,
2025-10-17 08:29:47+00:00,2025-10-17 08:29:47,,,,,,,,,,,,,,,,,14.09,0.0,14.55,,,,,,
